[{"model": "auth.permission", "pk": 1, "fields": {"name": "Can add cors model", "content_type": 1, "codename": "add_corsmodel"}}, {"model": "auth.permission", "pk": 2, "fields": {"name": "Can change cors model", "content_type": 1, "codename": "change_corsmodel"}}, {"model": "auth.permission", "pk": 3, "fields": {"name": "Can delete cors model", "content_type": 1, "codename": "delete_corsmodel"}}, {"model": "auth.permission", "pk": 4, "fields": {"name": "Can view cors model", "content_type": 1, "codename": "view_corsmodel"}}, {"model": "auth.permission", "pk": 5, "fields": {"name": "Can add log entry", "content_type": 2, "codename": "add_logentry"}}, {"model": "auth.permission", "pk": 6, "fields": {"name": "Can change log entry", "content_type": 2, "codename": "change_logentry"}}, {"model": "auth.permission", "pk": 7, "fields": {"name": "Can delete log entry", "content_type": 2, "codename": "delete_logentry"}}, {"model": "auth.permission", "pk": 8, "fields": {"name": "Can view log entry", "content_type": 2, "codename": "view_logentry"}}, {"model": "auth.permission", "pk": 9, "fields": {"name": "Can add permission", "content_type": 3, "codename": "add_permission"}}, {"model": "auth.permission", "pk": 10, "fields": {"name": "Can change permission", "content_type": 3, "codename": "change_permission"}}, {"model": "auth.permission", "pk": 11, "fields": {"name": "Can delete permission", "content_type": 3, "codename": "delete_permission"}}, {"model": "auth.permission", "pk": 12, "fields": {"name": "Can view permission", "content_type": 3, "codename": "view_permission"}}, {"model": "auth.permission", "pk": 13, "fields": {"name": "Can add group", "content_type": 4, "codename": "add_group"}}, {"model": "auth.permission", "pk": 14, "fields": {"name": "Can change group", "content_type": 4, "codename": "change_group"}}, {"model": "auth.permission", "pk": 15, "fields": {"name": "Can delete group", "content_type": 4, "codename": "delete_group"}}, {"model": "auth.permission", "pk": 16, "fields": {"name": "Can view group", "content_type": 4, "codename": "view_group"}}, {"model": "auth.permission", "pk": 17, "fields": {"name": "Can add content type", "content_type": 5, "codename": "add_contenttype"}}, {"model": "auth.permission", "pk": 18, "fields": {"name": "Can change content type", "content_type": 5, "codename": "change_contenttype"}}, {"model": "auth.permission", "pk": 19, "fields": {"name": "Can delete content type", "content_type": 5, "codename": "delete_contenttype"}}, {"model": "auth.permission", "pk": 20, "fields": {"name": "Can view content type", "content_type": 5, "codename": "view_contenttype"}}, {"model": "auth.permission", "pk": 21, "fields": {"name": "Can add session", "content_type": 6, "codename": "add_session"}}, {"model": "auth.permission", "pk": 22, "fields": {"name": "Can change session", "content_type": 6, "codename": "change_session"}}, {"model": "auth.permission", "pk": 23, "fields": {"name": "Can delete session", "content_type": 6, "codename": "delete_session"}}, {"model": "auth.permission", "pk": 24, "fields": {"name": "Can view session", "content_type": 6, "codename": "view_session"}}, {"model": "auth.permission", "pk": 25, "fields": {"name": "Can add site", "content_type": 7, "codename": "add_site"}}, {"model": "auth.permission", "pk": 26, "fields": {"name": "Can change site", "content_type": 7, "codename": "change_site"}}, {"model": "auth.permission", "pk": 27, "fields": {"name": "Can delete site", "content_type": 7, "codename": "delete_site"}}, {"model": "auth.permission", "pk": 28, "fields": {"name": "Can view site", "content_type": 7, "codename": "view_site"}}, {"model": "auth.permission", "pk": 29, "fields": {"name": "Can add user", "content_type": 8, "codename": "add_customuser"}}, {"model": "auth.permission", "pk": 30, "fields": {"name": "Can change user", "content_type": 8, "codename": "change_customuser"}}, {"model": "auth.permission", "pk": 31, "fields": {"name": "Can delete user", "content_type": 8, "codename": "delete_customuser"}}, {"model": "auth.permission", "pk": 32, "fields": {"name": "Can view user", "content_type": 8, "codename": "view_customuser"}}, {"model": "auth.permission", "pk": 33, "fields": {"name": "Can add answer", "content_type": 9, "codename": "add_answer"}}, {"model": "auth.permission", "pk": 34, "fields": {"name": "Can change answer", "content_type": 9, "codename": "change_answer"}}, {"model": "auth.permission", "pk": 35, "fields": {"name": "Can delete answer", "content_type": 9, "codename": "delete_answer"}}, {"model": "auth.permission", "pk": 36, "fields": {"name": "Can view answer", "content_type": 9, "codename": "view_answer"}}, {"model": "auth.permission", "pk": 37, "fields": {"name": "Can add artifact", "content_type": 10, "codename": "add_artifact"}}, {"model": "auth.permission", "pk": 38, "fields": {"name": "Can change artifact", "content_type": 10, "codename": "change_artifact"}}, {"model": "auth.permission", "pk": 39, "fields": {"name": "Can delete artifact", "content_type": 10, "codename": "delete_artifact"}}, {"model": "auth.permission", "pk": 40, "fields": {"name": "Can view artifact", "content_type": 10, "codename": "view_artifact"}}, {"model": "auth.permission", "pk": 41, "fields": {"name": "Can add assignment", "content_type": 11, "codename": "add_assignment"}}, {"model": "auth.permission", "pk": 42, "fields": {"name": "Can change assignment", "content_type": 11, "codename": "change_assignment"}}, {"model": "auth.permission", "pk": 43, "fields": {"name": "Can delete assignment", "content_type": 11, "codename": "delete_assignment"}}, {"model": "auth.permission", "pk": 44, "fields": {"name": "Can view assignment", "content_type": 11, "codename": "view_assignment"}}, {"model": "auth.permission", "pk": 45, "fields": {"name": "Can add course", "content_type": 12, "codename": "add_course"}}, {"model": "auth.permission", "pk": 46, "fields": {"name": "Can change course", "content_type": 12, "codename": "change_course"}}, {"model": "auth.permission", "pk": 47, "fields": {"name": "Can delete course", "content_type": 12, "codename": "delete_course"}}, {"model": "auth.permission", "pk": 48, "fields": {"name": "Can view course", "content_type": 12, "codename": "view_course"}}, {"model": "auth.permission", "pk": 49, "fields": {"name": "Can add entity", "content_type": 13, "codename": "add_entity"}}, {"model": "auth.permission", "pk": 50, "fields": {"name": "Can change entity", "content_type": 13, "codename": "change_entity"}}, {"model": "auth.permission", "pk": 51, "fields": {"name": "Can delete entity", "content_type": 13, "codename": "delete_entity"}}, {"model": "auth.permission", "pk": 52, "fields": {"name": "Can view entity", "content_type": 13, "codename": "view_entity"}}, {"model": "auth.permission", "pk": 53, "fields": {"name": "Can add option choice", "content_type": 14, "codename": "add_optionchoice"}}, {"model": "auth.permission", "pk": 54, "fields": {"name": "Can change option choice", "content_type": 14, "codename": "change_optionchoice"}}, {"model": "auth.permission", "pk": 55, "fields": {"name": "Can delete option choice", "content_type": 14, "codename": "delete_optionchoice"}}, {"model": "auth.permission", "pk": 56, "fields": {"name": "Can view option choice", "content_type": 14, "codename": "view_optionchoice"}}, {"model": "auth.permission", "pk": 57, "fields": {"name": "Can add question", "content_type": 15, "codename": "add_question"}}, {"model": "auth.permission", "pk": 58, "fields": {"name": "Can change question", "content_type": 15, "codename": "change_question"}}, {"model": "auth.permission", "pk": 59, "fields": {"name": "Can delete question", "content_type": 15, "codename": "delete_question"}}, {"model": "auth.permission", "pk": 60, "fields": {"name": "Can view question", "content_type": 15, "codename": "view_question"}}, {"model": "auth.permission", "pk": 61, "fields": {"name": "Can add reward", "content_type": 16, "codename": "add_reward"}}, {"model": "auth.permission", "pk": 62, "fields": {"name": "Can change reward", "content_type": 16, "codename": "change_reward"}}, {"model": "auth.permission", "pk": 63, "fields": {"name": "Can delete reward", "content_type": 16, "codename": "delete_reward"}}, {"model": "auth.permission", "pk": 64, "fields": {"name": "Can view reward", "content_type": 16, "codename": "view_reward"}}, {"model": "auth.permission", "pk": 65, "fields": {"name": "Can add reward type", "content_type": 17, "codename": "add_rewardtype"}}, {"model": "auth.permission", "pk": 66, "fields": {"name": "Can change reward type", "content_type": 17, "codename": "change_rewardtype"}}, {"model": "auth.permission", "pk": 67, "fields": {"name": "Can delete reward type", "content_type": 17, "codename": "delete_rewardtype"}}, {"model": "auth.permission", "pk": 68, "fields": {"name": "Can view reward type", "content_type": 17, "codename": "view_rewardtype"}}, {"model": "auth.permission", "pk": 69, "fields": {"name": "Can add survey template", "content_type": 18, "codename": "add_surveytemplate"}}, {"model": "auth.permission", "pk": 70, "fields": {"name": "Can change survey template", "content_type": 18, "codename": "change_surveytemplate"}}, {"model": "auth.permission", "pk": 71, "fields": {"name": "Can delete survey template", "content_type": 18, "codename": "delete_surveytemplate"}}, {"model": "auth.permission", "pk": 72, "fields": {"name": "Can view survey template", "content_type": 18, "codename": "view_surveytemplate"}}, {"model": "auth.permission", "pk": 73, "fields": {"name": "Can add artifact_feedback", "content_type": 19, "codename": "add_artifactfeedback"}}, {"model": "auth.permission", "pk": 74, "fields": {"name": "Can change artifact_feedback", "content_type": 19, "codename": "change_artifactfeedback"}}, {"model": "auth.permission", "pk": 75, "fields": {"name": "Can delete artifact_feedback", "content_type": 19, "codename": "delete_artifactfeedback"}}, {"model": "auth.permission", "pk": 76, "fields": {"name": "Can view artifact_feedback", "content_type": 19, "codename": "view_artifactfeedback"}}, {"model": "auth.permission", "pk": 77, "fields": {"name": "Can add individual", "content_type": 20, "codename": "add_individual"}}, {"model": "auth.permission", "pk": 78, "fields": {"name": "Can change individual", "content_type": 20, "codename": "change_individual"}}, {"model": "auth.permission", "pk": 79, "fields": {"name": "Can delete individual", "content_type": 20, "codename": "delete_individual"}}, {"model": "auth.permission", "pk": 80, "fields": {"name": "Can view individual", "content_type": 20, "codename": "view_individual"}}, {"model": "auth.permission", "pk": 81, "fields": {"name": "Can add team", "content_type": 21, "codename": "add_team"}}, {"model": "auth.permission", "pk": 82, "fields": {"name": "Can change team", "content_type": 21, "codename": "change_team"}}, {"model": "auth.permission", "pk": 83, "fields": {"name": "Can delete team", "content_type": 21, "codename": "delete_team"}}, {"model": "auth.permission", "pk": 84, "fields": {"name": "Can view team", "content_type": 21, "codename": "view_team"}}, {"model": "auth.permission", "pk": 85, "fields": {"name": "Can add user reward", "content_type": 22, "codename": "add_userreward"}}, {"model": "auth.permission", "pk": 86, "fields": {"name": "Can change user reward", "content_type": 22, "codename": "change_userreward"}}, {"model": "auth.permission", "pk": 87, "fields": {"name": "Can delete user reward", "content_type": 22, "codename": "delete_userreward"}}, {"model": "auth.permission", "pk": 88, "fields": {"name": "Can view user reward", "content_type": 22, "codename": "view_userreward"}}, {"model": "auth.permission", "pk": 89, "fields": {"name": "Can add todo_list", "content_type": 23, "codename": "add_todolist"}}, {"model": "auth.permission", "pk": 90, "fields": {"name": "Can change todo_list", "content_type": 23, "codename": "change_todolist"}}, {"model": "auth.permission", "pk": 91, "fields": {"name": "Can delete todo_list", "content_type": 23, "codename": "delete_todolist"}}, {"model": "auth.permission", "pk": 92, "fields": {"name": "Can view todo_list", "content_type": 23, "codename": "view_todolist"}}, {"model": "auth.permission", "pk": 93, "fields": {"name": "Can add survey section", "content_type": 24, "codename": "add_surveysection"}}, {"model": "auth.permission", "pk": 94, "fields": {"name": "Can change survey section", "content_type": 24, "codename": "change_surveysection"}}, {"model": "auth.permission", "pk": 95, "fields": {"name": "Can delete survey section", "content_type": 24, "codename": "delete_surveysection"}}, {"model": "auth.permission", "pk": 96, "fields": {"name": "Can view survey section", "content_type": 24, "codename": "view_surveysection"}}, {"model": "auth.permission", "pk": 97, "fields": {"name": "Can add registration", "content_type": 25, "codename": "add_registration"}}, {"model": "auth.permission", "pk": 98, "fields": {"name": "Can change registration", "content_type": 25, "codename": "change_registration"}}, {"model": "auth.permission", "pk": 99, "fields": {"name": "Can delete registration", "content_type": 25, "codename": "delete_registration"}}, {"model": "auth.permission", "pk": 100, "fields": {"name": "Can view registration", "content_type": 25, "codename": "view_registration"}}, {"model": "auth.permission", "pk": 101, "fields": {"name": "Can add question option", "content_type": 26, "codename": "add_questionoption"}}, {"model": "auth.permission", "pk": 102, "fields": {"name": "Can change question option", "content_type": 26, "codename": "change_questionoption"}}, {"model": "auth.permission", "pk": 103, "fields": {"name": "Can delete question option", "content_type": 26, "codename": "delete_questionoption"}}, {"model": "auth.permission", "pk": 104, "fields": {"name": "Can view question option", "content_type": 26, "codename": "view_questionoption"}}, {"model": "auth.permission", "pk": 105, "fields": {"name": "Can add membership", "content_type": 27, "codename": "add_membership"}}, {"model": "auth.permission", "pk": 106, "fields": {"name": "Can change membership", "content_type": 27, "codename": "change_membership"}}, {"model": "auth.permission", "pk": 107, "fields": {"name": "Can delete membership", "content_type": 27, "codename": "delete_membership"}}, {"model": "auth.permission", "pk": 108, "fields": {"name": "Can view membership", "content_type": 27, "codename": "view_membership"}}, {"model": "auth.permission", "pk": 109, "fields": {"name": "Can add grade", "content_type": 28, "codename": "add_grade"}}, {"model": "auth.permission", "pk": 110, "fields": {"name": "Can change grade", "content_type": 28, "codename": "change_grade"}}, {"model": "auth.permission", "pk": 111, "fields": {"name": "Can delete grade", "content_type": 28, "codename": "delete_grade"}}, {"model": "auth.permission", "pk": 112, "fields": {"name": "Can view grade", "content_type": 28, "codename": "view_grade"}}, {"model": "auth.permission", "pk": 113, "fields": {"name": "Can add feedback survey", "content_type": 29, "codename": "add_feedbacksurvey"}}, {"model": "auth.permission", "pk": 114, "fields": {"name": "Can change feedback survey", "content_type": 29, "codename": "change_feedbacksurvey"}}, {"model": "auth.permission", "pk": 115, "fields": {"name": "Can delete feedback survey", "content_type": 29, "codename": "delete_feedbacksurvey"}}, {"model": "auth.permission", "pk": 116, "fields": {"name": "Can view feedback survey", "content_type": 29, "codename": "view_feedbacksurvey"}}, {"model": "auth.permission", "pk": 117, "fields": {"name": "Can add deduction", "content_type": 30, "codename": "add_deduction"}}, {"model": "auth.permission", "pk": 118, "fields": {"name": "Can change deduction", "content_type": 30, "codename": "change_deduction"}}, {"model": "auth.permission", "pk": 119, "fields": {"name": "Can delete deduction", "content_type": 30, "codename": "delete_deduction"}}, {"model": "auth.permission", "pk": 120, "fields": {"name": "Can view deduction", "content_type": 30, "codename": "view_deduction"}}, {"model": "auth.permission", "pk": 121, "fields": {"name": "Can add artifact_review", "content_type": 31, "codename": "add_artifactreview"}}, {"model": "auth.permission", "pk": 122, "fields": {"name": "Can change artifact_review", "content_type": 31, "codename": "change_artifactreview"}}, {"model": "auth.permission", "pk": 123, "fields": {"name": "Can delete artifact_review", "content_type": 31, "codename": "delete_artifactreview"}}, {"model": "auth.permission", "pk": 124, "fields": {"name": "Can view artifact_review", "content_type": 31, "codename": "view_artifactreview"}}, {"model": "auth.permission", "pk": 125, "fields": {"name": "Can add xp points", "content_type": 32, "codename": "add_xppoints"}}, {"model": "auth.permission", "pk": 126, "fields": {"name": "Can change xp points", "content_type": 32, "codename": "change_xppoints"}}, {"model": "auth.permission", "pk": 127, "fields": {"name": "Can delete xp points", "content_type": 32, "codename": "delete_xppoints"}}, {"model": "auth.permission", "pk": 128, "fields": {"name": "Can view xp points", "content_type": 32, "codename": "view_xppoints"}}, {"model": "auth.permission", "pk": 129, "fields": {"name": "Can add behaviors", "content_type": 33, "codename": "add_behavior"}}, {"model": "auth.permission", "pk": 130, "fields": {"name": "Can change behaviors", "content_type": 33, "codename": "change_behavior"}}, {"model": "auth.permission", "pk": 131, "fields": {"name": "Can delete behaviors", "content_type": 33, "codename": "delete_behavior"}}, {"model": "auth.permission", "pk": 132, "fields": {"name": "Can view behaviors", "content_type": 33, "codename": "view_behavior"}}, {"model": "auth.permission", "pk": 133, "fields": {"name": "Can add exp history", "content_type": 34, "codename": "add_exphistory"}}, {"model": "auth.permission", "pk": 134, "fields": {"name": "Can change exp history", "content_type": 34, "codename": "change_exphistory"}}, {"model": "auth.permission", "pk": 135, "fields": {"name": "Can delete exp history", "content_type": 34, "codename": "delete_exphistory"}}, {"model": "auth.permission", "pk": 136, "fields": {"name": "Can view exp history", "content_type": 34, "codename": "view_exphistory"}}, {"model": "contenttypes.contenttype", "pk": 1, "fields": {"app_label": "corsheaders", "model": "corsmodel"}}, {"model": "contenttypes.contenttype", "pk": 2, "fields": {"app_label": "admin", "model": "logentry"}}, {"model": "contenttypes.contenttype", "pk": 3, "fields": {"app_label": "auth", "model": "permission"}}, {"model": "contenttypes.contenttype", "pk": 4, "fields": {"app_label": "auth", "model": "group"}}, {"model": "contenttypes.contenttype", "pk": 5, "fields": {"app_label": "contenttypes", "model": "contenttype"}}, {"model": "contenttypes.contenttype", "pk": 6, "fields": {"app_label": "sessions", "model": "session"}}, {"model": "contenttypes.contenttype", "pk": 7, "fields": {"app_label": "sites", "model": "site"}}, {"model": "contenttypes.contenttype", "pk": 8, "fields": {"app_label": "gamification", "model": "customuser"}}, {"model": "contenttypes.contenttype", "pk": 9, "fields": {"app_label": "gamification", "model": "answer"}}, {"model": "contenttypes.contenttype", "pk": 10, "fields": {"app_label": "gamification", "model": "artifact"}}, {"model": "contenttypes.contenttype", "pk": 11, "fields": {"app_label": "gamification", "model": "assignment"}}, {"model": "contenttypes.contenttype", "pk": 12, "fields": {"app_label": "gamification", "model": "course"}}, {"model": "contenttypes.contenttype", "pk": 13, "fields": {"app_label": "gamification", "model": "entity"}}, {"model": "contenttypes.contenttype", "pk": 14, "fields": {"app_label": "gamification", "model": "optionchoice"}}, {"model": "contenttypes.contenttype", "pk": 15, "fields": {"app_label": "gamification", "model": "question"}}, {"model": "contenttypes.contenttype", "pk": 16, "fields": {"app_label": "gamification", "model": "reward"}}, {"model": "contenttypes.contenttype", "pk": 17, "fields": {"app_label": "gamification", "model": "rewardtype"}}, {"model": "contenttypes.contenttype", "pk": 18, "fields": {"app_label": "gamification", "model": "surveytemplate"}}, {"model": "contenttypes.contenttype", "pk": 19, "fields": {"app_label": "gamification", "model": "artifactfeedback"}}, {"model": "contenttypes.contenttype", "pk": 20, "fields": {"app_label": "gamification", "model": "individual"}}, {"model": "contenttypes.contenttype", "pk": 21, "fields": {"app_label": "gamification", "model": "team"}}, {"model": "contenttypes.contenttype", "pk": 22, "fields": {"app_label": "gamification", "model": "userreward"}}, {"model": "contenttypes.contenttype", "pk": 23, "fields": {"app_label": "gamification", "model": "todolist"}}, {"model": "contenttypes.contenttype", "pk": 24, "fields": {"app_label": "gamification", "model": "surveysection"}}, {"model": "contenttypes.contenttype", "pk": 25, "fields": {"app_label": "gamification", "model": "registration"}}, {"model": "contenttypes.contenttype", "pk": 26, "fields": {"app_label": "gamification", "model": "questionoption"}}, {"model": "contenttypes.contenttype", "pk": 27, "fields": {"app_label": "gamification", "model": "membership"}}, {"model": "contenttypes.contenttype", "pk": 28, "fields": {"app_label": "gamification", "model": "grade"}}, {"model": "contenttypes.contenttype", "pk": 29, "fields": {"app_label": "gamification", "model": "feedbacksurvey"}}, {"model": "contenttypes.contenttype", "pk": 30, "fields": {"app_label": "gamification", "model": "deduction"}}, {"model": "contenttypes.contenttype", "pk": 31, "fields": {"app_label": "gamification", "model": "artifactreview"}}, {"model": "contenttypes.contenttype", "pk": 32, "fields": {"app_label": "gamification", "model": "xppoints"}}, {"model": "contenttypes.contenttype", "pk": 33, "fields": {"app_label": "gamification", "model": "behavior"}}, {"model": "contenttypes.contenttype", "pk": 34, "fields": {"app_label": "gamification", "model": "exphistory"}}, {"model": "sites.site", "pk": 1, "fields": {"domain": "example.com", "name": "example.com"}}, {"model": "gamification.answer", "pk": 1, "fields": {"artifact_review": 3, "question_option": 148, "answer_text": "neutral"}}, {"model": "gamification.answer", "pk": 2, "fields": {"artifact_review": 3, "question_option": 154, "answer_text": "agree"}}, {"model": "gamification.answer", "pk": 3, "fields": {"artifact_review": 3, "question_option": 160, "answer_text": "strongly agree"}}, {"model": "gamification.answer", "pk": 4, "fields": {"artifact_review": 3, "question_option": 164, "answer_text": "agree"}}, {"model": "gamification.answer", "pk": 5, "fields": {"artifact_review": 3, "question_option": 166, "answer_text": "strongly disagree"}}, {"model": "gamification.answer", "pk": 6, "fields": {"artifact_review": 3, "question_option": 175, "answer_text": "strongly agree"}}, {"model": "gamification.answer", "pk": 7, "fields": {"artifact_review": 3, "question_option": 180, "answer_text": "strongly agree"}}, {"model": "gamification.answer", "pk": 8, "fields": {"artifact_review": 3, "question_option": 184, "answer_text": "agree"}}, {"model": "gamification.answer", "pk": 9, "fields": {"artifact_review": 3, "question_option": 188, "answer_text": "neutral"}}, {"model": "gamification.answer", "pk": 10, "fields": {"artifact_review": 3, "question_option": 192, "answer_text": "disagree"}}, {"model": "gamification.answer", "pk": 11, "fields": {"artifact_review": 3, "question_option": 200, "answer_text": "strongly agree"}}, {"model": "gamification.answer", "pk": 12, "fields": {"artifact_review": 3, "question_option": 203, "answer_text": "neutral"}}, {"model": "gamification.answer", "pk": 13, "fields": {"artifact_review": 3, "question_option": 209, "answer_text": "agree"}}, {"model": "gamification.answer", "pk": 14, "fields": {"artifact_review": 3, "question_option": 211, "answer_text": "strongly disagree"}}, {"model": "gamification.answer", "pk": 15, "fields": {"artifact_review": 3, "question_option": 220, "answer_text": "strongly agree"}}, {"model": "gamification.answer", "pk": 16, "fields": {"artifact_review": 3, "question_option": 224, "answer_text": "agree"}}, {"model": "gamification.answer", "pk": 17, "fields": {"artifact_review": 3, "question_option": 228, "answer_text": "neutral"}}, {"model": "gamification.answer", "pk": 18, "fields": {"artifact_review": 3, "question_option": 235, "answer_text": "strongly agree"}}, {"model": "gamification.answer", "pk": 19, "fields": {"artifact_review": 3, "question_option": 238, "answer_text": "neutral"}}, {"model": "gamification.answer", "pk": 20, "fields": {"artifact_review": 3, "question_option": 245, "answer_text": "strongly agree"}}, {"model": "gamification.answer", "pk": 21, "fields": {"artifact_review": 3, "question_option": 248, "answer_text": "neutral"}}, {"model": "gamification.answer", "pk": 22, "fields": {"artifact_review": 3, "question_option": 255, "answer_text": "strongly agree"}}, {"model": "gamification.answer", "pk": 23, "fields": {"artifact_review": 3, "question_option": 259, "answer_text": "agree"}}, {"model": "gamification.answer", "pk": 24, "fields": {"artifact_review": 3, "question_option": 265, "answer_text": "strongly agree"}}, {"model": "gamification.answer", "pk": 25, "fields": {"artifact_review": 3, "question_option": 266, "answer_text": "strongly disagree"}}, {"model": "gamification.answer", "pk": 26, "fields": {"artifact_review": 3, "question_option": 272, "answer_text": "disagree"}}, {"model": "gamification.answer", "pk": 27, "fields": {"artifact_review": 3, "question_option": 279, "answer_text": "agree"}}, {"model": "gamification.answer", "pk": 28, "fields": {"artifact_review": 3, "question_option": 282, "answer_text": "8"}}, {"model": "gamification.answer", "pk": 29, "fields": {"artifact_review": 3, "question_option": 283, "answer_text": "6"}}, {"model": "gamification.answer", "pk": 30, "fields": {"artifact_review": 3, "question_option": 284, "answer_text": "8"}}, {"model": "gamification.answer", "pk": 31, "fields": {"artifact_review": 3, "question_option": 285, "answer_text": "7"}}, {"model": "gamification.answer", "pk": 32, "fields": {"artifact_review": 3, "question_option": 286, "answer_text": "9"}}, {"model": "gamification.answer", "pk": 33, "fields": {"artifact_review": 3, "question_option": 287, "answer_text": "Preparation is key to a successful presentation. Before you begin, make sure you have a clear understanding of your audience, their needs, and their expectations. Research your topic thoroughly and organize your thoughts in a logical and coherent manner. Develop a clear structure for your presentation, including an introduction, main points, and conclusion."}}, {"model": "gamification.answer", "pk": 34, "fields": {"artifact_review": 3, "question_option": 288, "answer_text": "Delivery is also crucial to a successful presentation. When you are delivering your presentation, make sure you are speaking clearly and at a pace that your audience can easily follow. Use appropriate body language to reinforce your message, and make eye contact with your audience to engage them. Use visual aids, such as PowerPoint slides, diagrams, or videos, to help illustrate your points."}}, {"model": "gamification.answer", "pk": 35, "fields": {"artifact_review": 3, "question_option": 290, "answer_text": "Engage your audience throughout the presentation. Ask questions, solicit feedback, and encourage participation. Be responsive to your audience's needs and questions, and be prepared to adjust your presentation as needed. Use stories and examples to help illustrate your points and make your presentation more relatable."}}, {"model": "gamification.answer", "pk": 36, "fields": {"artifact_review": 2, "question_option": 146, "answer_text": "strongly disagree"}}, {"model": "gamification.answer", "pk": 37, "fields": {"artifact_review": 2, "question_option": 153, "answer_text": "neutral"}}, {"model": "gamification.answer", "pk": 38, "fields": {"artifact_review": 2, "question_option": 158, "answer_text": "neutral"}}, {"model": "gamification.answer", "pk": 39, "fields": {"artifact_review": 2, "question_option": 164, "answer_text": "agree"}}, {"model": "gamification.answer", "pk": 40, "fields": {"artifact_review": 2, "question_option": 170, "answer_text": "strongly agree"}}, {"model": "gamification.answer", "pk": 41, "fields": {"artifact_review": 2, "question_option": 174, "answer_text": "agree"}}, {"model": "gamification.answer", "pk": 42, "fields": {"artifact_review": 2, "question_option": 179, "answer_text": "agree"}}, {"model": "gamification.answer", "pk": 43, "fields": {"artifact_review": 2, "question_option": 184, "answer_text": "agree"}}, {"model": "gamification.answer", "pk": 44, "fields": {"artifact_review": 2, "question_option": 190, "answer_text": "strongly agree"}}, {"model": "gamification.answer", "pk": 45, "fields": {"artifact_review": 2, "question_option": 194, "answer_text": "agree"}}, {"model": "gamification.answer", "pk": 46, "fields": {"artifact_review": 2, "question_option": 198, "answer_text": "neutral"}}, {"model": "gamification.answer", "pk": 47, "fields": {"artifact_review": 2, "question_option": 204, "answer_text": "agree"}}, {"model": "gamification.answer", "pk": 48, "fields": {"artifact_review": 2, "question_option": 210, "answer_text": "strongly agree"}}, {"model": "gamification.answer", "pk": 49, "fields": {"artifact_review": 2, "question_option": 214, "answer_text": "agree"}}, {"model": "gamification.answer", "pk": 50, "fields": {"artifact_review": 2, "question_option": 219, "answer_text": "agree"}}, {"model": "gamification.answer", "pk": 51, "fields": {"artifact_review": 2, "question_option": 225, "answer_text": "strongly agree"}}, {"model": "gamification.answer", "pk": 52, "fields": {"artifact_review": 2, "question_option": 228, "answer_text": "neutral"}}, {"model": "gamification.answer", "pk": 53, "fields": {"artifact_review": 2, "question_option": 234, "answer_text": "agree"}}, {"model": "gamification.answer", "pk": 54, "fields": {"artifact_review": 2, "question_option": 240, "answer_text": "strongly agree"}}, {"model": "gamification.answer", "pk": 55, "fields": {"artifact_review": 2, "question_option": 245, "answer_text": "strongly agree"}}, {"model": "gamification.answer", "pk": 56, "fields": {"artifact_review": 2, "question_option": 249, "answer_text": "agree"}}, {"model": "gamification.answer", "pk": 57, "fields": {"artifact_review": 2, "question_option": 253, "answer_text": "neutral"}}, {"model": "gamification.answer", "pk": 58, "fields": {"artifact_review": 2, "question_option": 260, "answer_text": "strongly agree"}}, {"model": "gamification.answer", "pk": 59, "fields": {"artifact_review": 2, "question_option": 264, "answer_text": "agree"}}, {"model": "gamification.answer", "pk": 60, "fields": {"artifact_review": 2, "question_option": 268, "answer_text": "neutral"}}, {"model": "gamification.answer", "pk": 61, "fields": {"artifact_review": 2, "question_option": 275, "answer_text": "strongly agree"}}, {"model": "gamification.answer", "pk": 62, "fields": {"artifact_review": 2, "question_option": 280, "answer_text": "strongly agree"}}, {"model": "gamification.answer", "pk": 63, "fields": {"artifact_review": 2, "question_option": 282, "answer_text": "9"}}, {"model": "gamification.answer", "pk": 64, "fields": {"artifact_review": 2, "question_option": 283, "answer_text": "8"}}, {"model": "gamification.answer", "pk": 65, "fields": {"artifact_review": 2, "question_option": 284, "answer_text": "9"}}, {"model": "gamification.answer", "pk": 66, "fields": {"artifact_review": 2, "question_option": 285, "answer_text": "9"}}, {"model": "gamification.answer", "pk": 67, "fields": {"artifact_review": 2, "question_option": 286, "answer_text": "10"}}, {"model": "gamification.answer", "pk": 68, "fields": {"artifact_review": 2, "question_option": 287, "answer_text": "Practice, practice, practice. Rehearse your presentation multiple times to ensure that you are comfortable with your material and delivery. This will help you to deliver a more polished and confident presentation."}}, {"model": "gamification.answer", "pk": 69, "fields": {"artifact_review": 2, "question_option": 288, "answer_text": "Be mindful of time. Make sure you have allocated enough time for your presentation and that you are able to stay within your allotted time. If you have to cut your presentation short, make sure you prioritize the most important points."}}, {"model": "gamification.answer", "pk": 70, "fields": {"artifact_review": 2, "question_option": 289, "answer_text": "Finally, be open to feedback. After your presentation, ask for feedback from your audience to help you improve your skills and make your next presentation even better."}}, {"model": "gamification.answer", "pk": 71, "fields": {"artifact_review": 5, "question_option": 148, "answer_text": "neutral"}}, {"model": "gamification.answer", "pk": 72, "fields": {"artifact_review": 5, "question_option": 154, "answer_text": "agree"}}, {"model": "gamification.answer", "pk": 73, "fields": {"artifact_review": 5, "question_option": 157, "answer_text": "disagree"}}, {"model": "gamification.answer", "pk": 74, "fields": {"artifact_review": 5, "question_option": 163, "answer_text": "neutral"}}, {"model": "gamification.answer", "pk": 75, "fields": {"artifact_review": 5, "question_option": 169, "answer_text": "agree"}}, {"model": "gamification.answer", "pk": 76, "fields": {"artifact_review": 5, "question_option": 173, "answer_text": "neutral"}}, {"model": "gamification.answer", "pk": 77, "fields": {"artifact_review": 5, "question_option": 179, "answer_text": "agree"}}, {"model": "gamification.answer", "pk": 78, "fields": {"artifact_review": 5, "question_option": 184, "answer_text": "agree"}}, {"model": "gamification.answer", "pk": 79, "fields": {"artifact_review": 5, "question_option": 189, "answer_text": "agree"}}, {"model": "gamification.answer", "pk": 80, "fields": {"artifact_review": 5, "question_option": 193, "answer_text": "neutral"}}, {"model": "gamification.answer", "pk": 81, "fields": {"artifact_review": 5, "question_option": 199, "answer_text": "agree"}}, {"model": "gamification.answer", "pk": 82, "fields": {"artifact_review": 5, "question_option": 204, "answer_text": "agree"}}, {"model": "gamification.answer", "pk": 83, "fields": {"artifact_review": 5, "question_option": 208, "answer_text": "neutral"}}, {"model": "gamification.answer", "pk": 84, "fields": {"artifact_review": 5, "question_option": 214, "answer_text": "agree"}}, {"model": "gamification.answer", "pk": 85, "fields": {"artifact_review": 5, "question_option": 219, "answer_text": "agree"}}, {"model": "gamification.answer", "pk": 86, "fields": {"artifact_review": 5, "question_option": 224, "answer_text": "agree"}}, {"model": "gamification.answer", "pk": 87, "fields": {"artifact_review": 5, "question_option": 229, "answer_text": "agree"}}, {"model": "gamification.answer", "pk": 88, "fields": {"artifact_review": 5, "question_option": 234, "answer_text": "agree"}}, {"model": "gamification.answer", "pk": 89, "fields": {"artifact_review": 5, "question_option": 238, "answer_text": "neutral"}}, {"model": "gamification.answer", "pk": 90, "fields": {"artifact_review": 5, "question_option": 242, "answer_text": "disagree"}}, {"model": "gamification.answer", "pk": 91, "fields": {"artifact_review": 5, "question_option": 249, "answer_text": "agree"}}, {"model": "gamification.answer", "pk": 92, "fields": {"artifact_review": 5, "question_option": 254, "answer_text": "agree"}}, {"model": "gamification.answer", "pk": 93, "fields": {"artifact_review": 5, "question_option": 259, "answer_text": "agree"}}, {"model": "gamification.answer", "pk": 94, "fields": {"artifact_review": 5, "question_option": 263, "answer_text": "neutral"}}, {"model": "gamification.answer", "pk": 95, "fields": {"artifact_review": 5, "question_option": 268, "answer_text": "neutral"}}, {"model": "gamification.answer", "pk": 96, "fields": {"artifact_review": 5, "question_option": 274, "answer_text": "agree"}}, {"model": "gamification.answer", "pk": 97, "fields": {"artifact_review": 5, "question_option": 279, "answer_text": "agree"}}, {"model": "gamification.answer", "pk": 98, "fields": {"artifact_review": 5, "question_option": 282, "answer_text": "9"}}, {"model": "gamification.answer", "pk": 99, "fields": {"artifact_review": 5, "question_option": 283, "answer_text": "7"}}, {"model": "gamification.answer", "pk": 100, "fields": {"artifact_review": 5, "question_option": 284, "answer_text": "8"}}, {"model": "gamification.answer", "pk": 101, "fields": {"artifact_review": 5, "question_option": 285, "answer_text": "7"}}, {"model": "gamification.answer", "pk": 102, "fields": {"artifact_review": 5, "question_option": 286, "answer_text": "9"}}, {"model": "gamification.answer", "pk": 103, "fields": {"artifact_review": 5, "question_option": 287, "answer_text": "choice of topic, project's performance, creation"}}, {"model": "gamification.answer", "pk": 104, "fields": {"artifact_review": 5, "question_option": 288, "answer_text": "Keeping presentations focused on key agenda items can be tough, but youΓò¼├┤Γö£ΓûôΓö¼Γò¥╬ô├╢┬ú╬ô├╢├▒Γò¼├┤Γö£ΓòóΓö¼├║Γò¼├┤Γö£ΓòùΓö£ΓöñΓò¼├┤Γö£ΓòóΓö¼Γò¥Γò¼├┤Γö£ΓûôΓö¼├æ╬ô├▓┬╝Γö£Γöñ╬ô├╢┬ú╬ô├▓├│╬ô├╢┬╝Γö£Γòæ╬ô├▓┬╝Γö£Γöñ╬ô├╢┬ú╬ô├▓├│╬ô├╢┬ú╬ô├╗├åΓò¼├┤Γö£ΓûôΓö¼Γò¥╬ô├╢┬ú╬ô├╢├▒Γò¼├┤Γö£ΓòóΓö¼├║Γò¼├┤Γö£ΓûôΓö£ΓöéΓò¼├┤Γö£ΓòóΓö¼Γò¥╬ô├╢┬ú╬ô├▓├ªΓò¼├┤Γö£ΓûôΓö¼Γò¥╬ô├╢┬ú╬ô├╢├▒Γò¼├┤Γö£ΓòóΓö¼├║Γò¼├┤Γö£ΓûôΓö£ΓòúΓò¼├┤Γö£ΓòóΓö¼├║Γò¼├┤Γö£ΓòóΓö£ΓûÆΓò¼├┤Γö£ΓûôΓö¼Γò¥╬ô├╢┬ú╬ô├╢├▒Γò¼├┤Γö£ΓòóΓö¼├║Γò¼├┤Γö£ΓûôΓö£ΓöéΓò¼├┤Γö£ΓòóΓö¼Γò¥Γò¼├┤Γö£ΓûôΓö¼├æΓò¼├┤Γö£ΓûôΓö¼Γò¥╬ô├╢┬ú╬ô├╢├▒Γò¼├┤Γö£ΓòóΓö¼├║Γò¼├┤Γö£ΓòùΓö£ΓöñΓò¼├┤Γö£ΓòóΓö¼Γò¥╬ô├╢┬úΓö£┬¬╬ô├▓┬╝Γö£Γöñ╬ô├╢┬ú╬ô├╗├┤╬ô├╢┬╝╬ô├▓┬ÑΓò¼├┤Γö£ΓòóΓö¼├║Γò¼├┤Γö£ΓòóΓö£ΓûÆ╬ô├▓┬╝Γö£Γöñ╬ô├╢┬ú╬ô├▓├│╬ô├╢┬╝Γö£Γòæ╬ô├▓┬╝Γö£Γöñ╬ô├╢┬ú╬ô├╗├┤╬ô├╢┬ú╬ô├╢├⌐╬ô├▓┬╝Γö£Γöñ╬ô├╢┬ú╬ô├▓├│╬ô├╢┬╝╬ô├▓┬ÑΓò¼├┤Γö£ΓòóΓö¼├║Γò¼├┤Γö£ΓûôΓö£┬¬╬ô├▓┬╝Γö£Γöñ╬ô├╢┬ú╬ô├╗├┤╬ô├╢┬╝╬ô├▓┬ÑΓò¼├┤Γö£ΓòóΓö¼├║Γò¼├┤Γö£ΓòóΓö£ΓûÆ╬ô├▓┬╝Γö£Γöñ╬ô├╢┬ú╬ô├▓├│╬ô├╢┬╝Γö£Γòæ╬ô├▓┬╝Γö£Γöñ╬ô├╢┬ú╬ô├╗├┤╬ô├╢┬ú╬ô├╢├⌐╬ô├▓┬╝Γö£Γöñ╬ô├╢┬ú╬ô├▓├│╬ô├╢┬╝Γö£Γòæ╬ô├▓┬╝Γö£Γöñ╬ô├╢┬ú╬ô├▓├╣╬ô├╢┬úΓö£├æΓò¼├┤Γö£ΓûôΓö¼Γò¥╬ô├╢┬ú╬ô├╢├▒Γò¼├┤Γö£ΓòóΓö¼├║Γò¼├┤Γö£ΓòùΓö£ΓöñΓò¼├┤Γö£ΓòóΓö¼Γò¥Γò¼├┤Γö£ΓûôΓö¼├æ╬ô├▓┬╝Γö£Γöñ╬ô├╢┬ú╬ô├▓├│╬ô├╢┬╝Γö£Γòæ╬ô├▓┬╝Γö£Γöñ╬ô├╢┬ú╬ô├▓├│╬ô├╢┬ú╬ô├╗├åΓò¼├┤Γö£ΓûôΓö¼Γò¥╬ô├╢┬ú╬ô├╢├▒Γò¼├┤Γö£ΓòóΓö¼├║Γò¼├┤Γö£ΓûôΓö£ΓöéΓò¼├┤Γö£ΓòóΓö¼Γò¥╬ô├╢┬ú╬ô├▓├ªΓò¼├┤Γö£ΓûôΓö¼Γò¥╬ô├╢┬ú╬ô├╢├▒Γò¼├┤Γö£ΓòóΓö¼├║Γò¼├┤Γö£ΓòùΓö£ΓöñΓò¼├┤Γö£ΓòóΓö¼├║Γò¼├┤Γö£ΓòóΓö£ΓîÉΓò¼├┤Γö£ΓûôΓö¼Γò¥╬ô├╢┬ú╬ô├╢├▒Γò¼├┤Γö£ΓòóΓö¼├║Γò¼├┤Γö£ΓûôΓö£ΓöéΓò¼├┤Γö£ΓòóΓö¼Γò¥Γò¼├┤Γö£ΓûôΓö¼├æ╬ô├▓┬╝Γö£Γöñ╬ô├╢┬ú╬ô├▓├│╬ô├╢┬╝Γö£Γòæ╬ô├▓┬╝Γö£Γöñ╬ô├╢┬ú╬ô├╗├┤╬ô├╢┬úΓö¼┬¼╬ô├▓┬╝Γö£Γöñ╬ô├╢┬ú╬ô├╗├┤╬ô├╢┬╝╬ô├▓┬ÑΓò¼├┤Γö£ΓòóΓö¼├║Γò¼├┤Γö£ΓòóΓö£ΓûÆ╬ô├▓┬╝Γö£Γöñ╬ô├╢┬ú╬ô├▓├│╬ô├╢┬╝Γö£Γòæ╬ô├▓┬╝Γö£Γöñ╬ô├╢┬ú╬ô├╗├┤╬ô├╢┬ú╬ô├╢├⌐╬ô├▓┬╝Γö£Γöñ╬ô├╢┬ú╬ô├▓├│╬ô├╢┬╝╬ô├▓┬ÑΓò¼├┤Γö£ΓòóΓö¼├║Γò¼├┤Γö£ΓûôΓö£┬¬Γò¼├┤Γö£ΓûôΓö¼Γò¥╬ô├╢┬ú╬ô├╢├▒Γò¼├┤Γö£ΓòóΓö¼├║Γò¼├┤Γö£ΓûôΓö£ΓöéΓò¼├┤Γö£ΓòóΓö¼Γò¥Γò¼├┤Γö£ΓûôΓö¼├æΓò¼├┤Γö£ΓûôΓö¼Γò¥╬ô├╢┬ú╬ô├╢├▒Γò¼├┤Γö£ΓòóΓö¼├║Γò¼├┤Γö£ΓòùΓö£ΓöñΓò¼├┤Γö£ΓòóΓö¼├║╬ô├╢┬╝Γö¼┬╝Γò¼├┤Γö£ΓûôΓö¼Γò¥╬ô├╢┬ú╬ô├╢├▒Γò¼├┤Γö£ΓòóΓö¼├║Γò¼├┤Γö£ΓòùΓö£ΓöñΓò¼├┤Γö£ΓòóΓö¼Γò¥Γò¼├┤Γö£ΓûôΓö¼├æ╬ô├▓┬╝Γö£Γöñ╬ô├╢┬ú╬ô├▓├│╬ô├╢┬╝Γö£Γòæ╬ô├▓┬╝Γö£Γöñ╬ô├╢┬ú╬ô├▓├│╬ô├╢┬ú╬ô├╗├åΓò¼├┤Γö£ΓûôΓö¼Γò¥╬ô├╢┬ú╬ô├╢├▒Γò¼├┤Γö£ΓòóΓö¼├║Γò¼├┤Γö£ΓûôΓö£ΓöéΓò¼├┤Γö£ΓòóΓö¼Γò¥╬ô├╢┬ú╬ô├▓├ªΓò¼├┤Γö£ΓûôΓö¼Γò¥╬ô├╢┬ú╬ô├╢├▒Γò¼├┤Γö£ΓòóΓö¼├║Γò¼├┤Γö£ΓòùΓö£ΓöñΓò¼├┤Γö£ΓòóΓö¼├║Γò¼├┤Γö£ΓòóΓö£ΓîÉΓò¼├┤Γö£ΓûôΓö¼Γò¥╬ô├╢┬ú╬ô├╢├▒Γò¼├┤Γö£ΓòóΓö¼├║Γò¼├┤Γö£ΓûôΓö£ΓöéΓò¼├┤Γö£ΓòóΓö¼Γò¥Γò¼├┤Γö£ΓûôΓö¼├æ╬ô├▓┬╝Γö£Γöñ╬ô├╢┬ú╬ô├▓├│╬ô├╢┬╝Γö£Γòæ╬ô├▓┬╝Γö£Γöñ╬ô├╢┬ú╬ô├╗├┤╬ô├╢┬úΓö¼┬¼╬ô├▓┬╝Γö£Γöñ╬ô├╢┬ú╬ô├╗├┤╬ô├╢┬╝╬ô├▓┬ÑΓò¼├┤Γö£ΓòóΓö¼├║Γò¼├┤Γö£ΓòóΓö£ΓûÆ╬ô├▓┬╝Γö£Γöñ╬ô├╢┬ú╬ô├▓├│╬ô├╢┬╝Γö£Γòæ╬ô├▓┬╝Γö£Γöñ╬ô├╢┬ú╬ô├╗├┤╬ô├╢┬ú╬ô├╢├⌐╬ô├▓┬╝Γö£Γöñ╬ô├╢┬ú╬ô├▓├│╬ô├╢┬╝╬ô├▓┬ÑΓò¼├┤Γö£ΓòóΓö¼├║Γò¼├┤Γö£ΓûôΓö£┬¬╬ô├▓┬╝Γö£Γöñ╬ô├╢┬ú╬ô├╗├┤╬ô├╢┬╝╬ô├▓┬ÑΓò¼├┤Γö£ΓòóΓö¼├║Γò¼├┤Γö£ΓòóΓö£ΓûÆ╬ô├▓┬╝Γö£Γöñ╬ô├╢┬ú╬ô├▓├│╬ô├╢┬╝Γö£Γòæ╬ô├▓┬╝Γö£Γöñ╬ô├╢┬ú╬ô├▓├╣╬ô├╢┬ú╬ô├╢├▒╬ô├▓┬╝Γö£Γöñ╬ô├╢┬ú╬ô├▓├│╬ô├╢┬╝Γö£Γòæ╬ô├▓┬╝Γö£Γöñ╬ô├╢┬ú╬ô├╗├┤╬ô├╢┬ú╬ô├▓├ªre really good at it. You effectively outline exactly what it is that you will be discussing and you make sure you keep to it. Well done!!"}}, {"model": "gamification.answer", "pk": 105, "fields": {"artifact_review": 6, "question_option": 150, "answer_text": "strongly agree"}}, {"model": "gamification.answer", "pk": 106, "fields": {"artifact_review": 6, "question_option": 153, "answer_text": "neutral"}}, {"model": "gamification.answer", "pk": 107, "fields": {"artifact_review": 6, "question_option": 156, "answer_text": "strongly disagree"}}, {"model": "gamification.answer", "pk": 108, "fields": {"artifact_review": 6, "question_option": 165, "answer_text": "strongly agree"}}, {"model": "gamification.answer", "pk": 109, "fields": {"artifact_review": 6, "question_option": 169, "answer_text": "agree"}}, {"model": "gamification.answer", "pk": 110, "fields": {"artifact_review": 6, "question_option": 175, "answer_text": "strongly agree"}}, {"model": "gamification.answer", "pk": 111, "fields": {"artifact_review": 6, "question_option": 176, "answer_text": "strongly disagree"}}, {"model": "gamification.answer", "pk": 112, "fields": {"artifact_review": 6, "question_option": 183, "answer_text": "neutral"}}, {"model": "gamification.answer", "pk": 113, "fields": {"artifact_review": 6, "question_option": 187, "answer_text": "disagree"}}, {"model": "gamification.answer", "pk": 114, "fields": {"artifact_review": 6, "question_option": 194, "answer_text": "agree"}}, {"model": "gamification.answer", "pk": 115, "fields": {"artifact_review": 6, "question_option": 200, "answer_text": "strongly agree"}}, {"model": "gamification.answer", "pk": 116, "fields": {"artifact_review": 6, "question_option": 201, "answer_text": "strongly disagree"}}, {"model": "gamification.answer", "pk": 117, "fields": {"artifact_review": 6, "question_option": 210, "answer_text": "strongly agree"}}, {"model": "gamification.answer", "pk": 118, "fields": {"artifact_review": 6, "question_option": 214, "answer_text": "agree"}}, {"model": "gamification.answer", "pk": 119, "fields": {"artifact_review": 6, "question_option": 218, "answer_text": "neutral"}}, {"model": "gamification.answer", "pk": 120, "fields": {"artifact_review": 6, "question_option": 225, "answer_text": "strongly agree"}}, {"model": "gamification.answer", "pk": 121, "fields": {"artifact_review": 6, "question_option": 229, "answer_text": "agree"}}, {"model": "gamification.answer", "pk": 122, "fields": {"artifact_review": 6, "question_option": 232, "answer_text": "disagree"}}, {"model": "gamification.answer", "pk": 123, "fields": {"artifact_review": 6, "question_option": 236, "answer_text": "strongly disagree"}}, {"model": "gamification.answer", "pk": 124, "fields": {"artifact_review": 6, "question_option": 243, "answer_text": "neutral"}}, {"model": "gamification.answer", "pk": 125, "fields": {"artifact_review": 6, "question_option": 250, "answer_text": "strongly agree"}}, {"model": "gamification.answer", "pk": 126, "fields": {"artifact_review": 6, "question_option": 254, "answer_text": "agree"}}, {"model": "gamification.answer", "pk": 127, "fields": {"artifact_review": 6, "question_option": 259, "answer_text": "agree"}}, {"model": "gamification.answer", "pk": 128, "fields": {"artifact_review": 6, "question_option": 265, "answer_text": "strongly agree"}}, {"model": "gamification.answer", "pk": 129, "fields": {"artifact_review": 6, "question_option": 267, "answer_text": "disagree"}}, {"model": "gamification.answer", "pk": 130, "fields": {"artifact_review": 6, "question_option": 275, "answer_text": "strongly agree"}}, {"model": "gamification.answer", "pk": 131, "fields": {"artifact_review": 6, "question_option": 279, "answer_text": "agree"}}, {"model": "gamification.answer", "pk": 132, "fields": {"artifact_review": 6, "question_option": 282, "answer_text": "3"}}, {"model": "gamification.answer", "pk": 133, "fields": {"artifact_review": 6, "question_option": 283, "answer_text": "6"}}, {"model": "gamification.answer", "pk": 134, "fields": {"artifact_review": 6, "question_option": 284, "answer_text": "7"}}, {"model": "gamification.answer", "pk": 135, "fields": {"artifact_review": 6, "question_option": 285, "answer_text": "5"}}, {"model": "gamification.answer", "pk": 136, "fields": {"artifact_review": 6, "question_option": 286, "answer_text": "10"}}, {"model": "gamification.answer", "pk": 137, "fields": {"artifact_review": 7, "question_option": 149, "answer_text": "agree"}}, {"model": "gamification.answer", "pk": 138, "fields": {"artifact_review": 7, "question_option": 153, "answer_text": "neutral"}}, {"model": "gamification.answer", "pk": 139, "fields": {"artifact_review": 7, "question_option": 159, "answer_text": "agree"}}, {"model": "gamification.answer", "pk": 140, "fields": {"artifact_review": 7, "question_option": 164, "answer_text": "agree"}}, {"model": "gamification.answer", "pk": 141, "fields": {"artifact_review": 7, "question_option": 170, "answer_text": "strongly agree"}}, {"model": "gamification.answer", "pk": 142, "fields": {"artifact_review": 7, "question_option": 174, "answer_text": "agree"}}, {"model": "gamification.answer", "pk": 143, "fields": {"artifact_review": 7, "question_option": 179, "answer_text": "agree"}}, {"model": "gamification.answer", "pk": 144, "fields": {"artifact_review": 7, "question_option": 183, "answer_text": "neutral"}}, {"model": "gamification.answer", "pk": 145, "fields": {"artifact_review": 7, "question_option": 187, "answer_text": "disagree"}}, {"model": "gamification.answer", "pk": 146, "fields": {"artifact_review": 7, "question_option": 194, "answer_text": "agree"}}, {"model": "gamification.answer", "pk": 147, "fields": {"artifact_review": 7, "question_option": 200, "answer_text": "strongly agree"}}, {"model": "gamification.answer", "pk": 148, "fields": {"artifact_review": 7, "question_option": 204, "answer_text": "agree"}}, {"model": "gamification.answer", "pk": 149, "fields": {"artifact_review": 7, "question_option": 210, "answer_text": "strongly agree"}}, {"model": "gamification.answer", "pk": 150, "fields": {"artifact_review": 7, "question_option": 213, "answer_text": "neutral"}}, {"model": "gamification.answer", "pk": 151, "fields": {"artifact_review": 7, "question_option": 219, "answer_text": "agree"}}, {"model": "gamification.answer", "pk": 152, "fields": {"artifact_review": 7, "question_option": 225, "answer_text": "strongly agree"}}, {"model": "gamification.answer", "pk": 153, "fields": {"artifact_review": 7, "question_option": 229, "answer_text": "agree"}}, {"model": "gamification.answer", "pk": 154, "fields": {"artifact_review": 7, "question_option": 235, "answer_text": "strongly agree"}}, {"model": "gamification.answer", "pk": 155, "fields": {"artifact_review": 7, "question_option": 239, "answer_text": "agree"}}, {"model": "gamification.answer", "pk": 156, "fields": {"artifact_review": 7, "question_option": 245, "answer_text": "strongly agree"}}, {"model": "gamification.answer", "pk": 157, "fields": {"artifact_review": 7, "question_option": 249, "answer_text": "agree"}}, {"model": "gamification.answer", "pk": 158, "fields": {"artifact_review": 7, "question_option": 255, "answer_text": "strongly agree"}}, {"model": "gamification.answer", "pk": 159, "fields": {"artifact_review": 7, "question_option": 259, "answer_text": "agree"}}, {"model": "gamification.answer", "pk": 160, "fields": {"artifact_review": 7, "question_option": 265, "answer_text": "strongly agree"}}, {"model": "gamification.answer", "pk": 161, "fields": {"artifact_review": 7, "question_option": 269, "answer_text": "agree"}}, {"model": "gamification.answer", "pk": 162, "fields": {"artifact_review": 7, "question_option": 275, "answer_text": "strongly agree"}}, {"model": "gamification.answer", "pk": 163, "fields": {"artifact_review": 7, "question_option": 279, "answer_text": "agree"}}, {"model": "gamification.answer", "pk": 164, "fields": {"artifact_review": 7, "question_option": 282, "answer_text": "9"}}, {"model": "gamification.answer", "pk": 165, "fields": {"artifact_review": 7, "question_option": 283, "answer_text": "8"}}, {"model": "gamification.answer", "pk": 166, "fields": {"artifact_review": 7, "question_option": 284, "answer_text": "9"}}, {"model": "gamification.answer", "pk": 167, "fields": {"artifact_review": 7, "question_option": 285, "answer_text": "10"}}, {"model": "gamification.answer", "pk": 168, "fields": {"artifact_review": 7, "question_option": 286, "answer_text": "9"}}, {"model": "gamification.answer", "pk": 169, "fields": {"artifact_review": 7, "question_option": 290, "answer_text": "You created downloadable visual presentations and bound them for the client. Excellent way to portray the company! Well done!"}}, {"model": "gamification.answer", "pk": 170, "fields": {"artifact_review": 8, "question_option": 147, "answer_text": "disagree"}}, {"model": "gamification.answer", "pk": 171, "fields": {"artifact_review": 8, "question_option": 153, "answer_text": "neutral"}}, {"model": "gamification.answer", "pk": 172, "fields": {"artifact_review": 8, "question_option": 156, "answer_text": "strongly disagree"}}, {"model": "gamification.answer", "pk": 173, "fields": {"artifact_review": 8, "question_option": 162, "answer_text": "disagree"}}, {"model": "gamification.answer", "pk": 174, "fields": {"artifact_review": 8, "question_option": 168, "answer_text": "neutral"}}, {"model": "gamification.answer", "pk": 175, "fields": {"artifact_review": 8, "question_option": 174, "answer_text": "agree"}}, {"model": "gamification.answer", "pk": 176, "fields": {"artifact_review": 8, "question_option": 180, "answer_text": "strongly agree"}}, {"model": "gamification.answer", "pk": 177, "fields": {"artifact_review": 8, "question_option": 184, "answer_text": "agree"}}, {"model": "gamification.answer", "pk": 178, "fields": {"artifact_review": 8, "question_option": 190, "answer_text": "strongly agree"}}, {"model": "gamification.answer", "pk": 179, "fields": {"artifact_review": 8, "question_option": 193, "answer_text": "neutral"}}, {"model": "gamification.answer", "pk": 180, "fields": {"artifact_review": 8, "question_option": 200, "answer_text": "strongly agree"}}, {"model": "gamification.answer", "pk": 181, "fields": {"artifact_review": 8, "question_option": 204, "answer_text": "agree"}}, {"model": "gamification.answer", "pk": 182, "fields": {"artifact_review": 8, "question_option": 210, "answer_text": "strongly agree"}}, {"model": "gamification.answer", "pk": 183, "fields": {"artifact_review": 8, "question_option": 214, "answer_text": "agree"}}, {"model": "gamification.answer", "pk": 184, "fields": {"artifact_review": 8, "question_option": 220, "answer_text": "strongly agree"}}, {"model": "gamification.answer", "pk": 185, "fields": {"artifact_review": 8, "question_option": 224, "answer_text": "agree"}}, {"model": "gamification.answer", "pk": 186, "fields": {"artifact_review": 8, "question_option": 228, "answer_text": "neutral"}}, {"model": "gamification.answer", "pk": 187, "fields": {"artifact_review": 8, "question_option": 235, "answer_text": "strongly agree"}}, {"model": "gamification.answer", "pk": 188, "fields": {"artifact_review": 8, "question_option": 239, "answer_text": "agree"}}, {"model": "gamification.answer", "pk": 189, "fields": {"artifact_review": 8, "question_option": 245, "answer_text": "strongly agree"}}, {"model": "gamification.answer", "pk": 190, "fields": {"artifact_review": 8, "question_option": 247, "answer_text": "disagree"}}, {"model": "gamification.answer", "pk": 191, "fields": {"artifact_review": 8, "question_option": 255, "answer_text": "strongly agree"}}, {"model": "gamification.answer", "pk": 192, "fields": {"artifact_review": 8, "question_option": 258, "answer_text": "neutral"}}, {"model": "gamification.answer", "pk": 193, "fields": {"artifact_review": 8, "question_option": 265, "answer_text": "strongly agree"}}, {"model": "gamification.answer", "pk": 194, "fields": {"artifact_review": 8, "question_option": 267, "answer_text": "disagree"}}, {"model": "gamification.answer", "pk": 195, "fields": {"artifact_review": 8, "question_option": 275, "answer_text": "strongly agree"}}, {"model": "gamification.answer", "pk": 196, "fields": {"artifact_review": 8, "question_option": 278, "answer_text": "neutral"}}, {"model": "gamification.answer", "pk": 197, "fields": {"artifact_review": 8, "question_option": 282, "answer_text": "7"}}, {"model": "gamification.answer", "pk": 198, "fields": {"artifact_review": 8, "question_option": 283, "answer_text": "2"}}, {"model": "gamification.answer", "pk": 199, "fields": {"artifact_review": 8, "question_option": 284, "answer_text": "3"}}, {"model": "gamification.answer", "pk": 200, "fields": {"artifact_review": 8, "question_option": 285, "answer_text": "5"}}, {"model": "gamification.answer", "pk": 201, "fields": {"artifact_review": 8, "question_option": 286, "answer_text": "9"}}, {"model": "gamification.answer", "pk": 202, "fields": {"artifact_review": 8, "question_option": 290, "answer_text": "Your content was relevant and your format was visually appealing and easy to follow and understand. Great job! YouΓò¼├┤Γö£ΓûôΓö¼Γò¥╬ô├╢┬ú╬ô├╢├▒Γò¼├┤Γö£ΓòóΓö¼├║Γò¼├┤Γö£ΓòùΓö£ΓöñΓò¼├┤Γö£ΓòóΓö¼Γò¥Γò¼├┤Γö£ΓûôΓö¼├æ╬ô├▓┬╝Γö£Γöñ╬ô├╢┬ú╬ô├▓├│╬ô├╢┬╝Γö£Γòæ╬ô├▓┬╝Γö£Γöñ╬ô├╢┬ú╬ô├▓├│╬ô├╢┬ú╬ô├╗├åΓò¼├┤Γö£ΓûôΓö¼Γò¥╬ô├╢┬ú╬ô├╢├▒Γò¼├┤Γö£ΓòóΓö¼├║Γò¼├┤Γö£ΓûôΓö£ΓöéΓò¼├┤Γö£ΓòóΓö¼Γò¥╬ô├╢┬ú╬ô├▓├ªΓò¼├┤Γö£ΓûôΓö¼Γò¥╬ô├╢┬ú╬ô├╢├▒Γò¼├┤Γö£ΓòóΓö¼├║Γò¼├┤Γö£ΓûôΓö£ΓòúΓò¼├┤Γö£ΓòóΓö¼├║Γò¼├┤Γö£ΓòóΓö£ΓûÆΓò¼├┤Γö£ΓûôΓö¼Γò¥╬ô├╢┬ú╬ô├╢├▒Γò¼├┤Γö£ΓòóΓö¼├║Γò¼├┤Γö£ΓûôΓö£ΓöéΓò¼├┤Γö£ΓòóΓö¼Γò¥Γò¼├┤Γö£ΓûôΓö¼├æΓò¼├┤Γö£ΓûôΓö¼Γò¥╬ô├╢┬ú╬ô├╢├▒Γò¼├┤Γö£ΓòóΓö¼├║Γò¼├┤Γö£ΓòùΓö£ΓöñΓò¼├┤Γö£ΓòóΓö¼Γò¥╬ô├╢┬úΓö£┬¬╬ô├▓┬╝Γö£Γöñ╬ô├╢┬ú╬ô├╗├┤╬ô├╢┬╝╬ô├▓┬ÑΓò¼├┤Γö£ΓòóΓö¼├║Γò¼├┤Γö£ΓòóΓö£ΓûÆ╬ô├▓┬╝Γö£Γöñ╬ô├╢┬ú╬ô├▓├│╬ô├╢┬╝Γö£Γòæ╬ô├▓┬╝Γö£Γöñ╬ô├╢┬ú╬ô├╗├┤╬ô├╢┬ú╬ô├╢├⌐╬ô├▓┬╝Γö£Γöñ╬ô├╢┬ú╬ô├▓├│╬ô├╢┬╝╬ô├▓┬ÑΓò¼├┤Γö£ΓòóΓö¼├║Γò¼├┤Γö£ΓûôΓö£┬¬╬ô├▓┬╝Γö£Γöñ╬ô├╢┬ú╬ô├╗├┤╬ô├╢┬╝╬ô├▓┬ÑΓò¼├┤Γö£ΓòóΓö¼├║Γò¼├┤Γö£ΓòóΓö£ΓûÆ╬ô├▓┬╝Γö£Γöñ╬ô├╢┬ú╬ô├▓├│╬ô├╢┬╝Γö£Γòæ╬ô├▓┬╝Γö£Γöñ╬ô├╢┬ú╬ô├╗├┤╬ô├╢┬ú╬ô├╢├⌐╬ô├▓┬╝Γö£Γöñ╬ô├╢┬ú╬ô├▓├│╬ô├╢┬╝Γö£Γòæ╬ô├▓┬╝Γö£Γöñ╬ô├╢┬ú╬ô├▓├╣╬ô├╢┬úΓö£├æΓò¼├┤Γö£ΓûôΓö¼Γò¥╬ô├╢┬ú╬ô├╢├▒Γò¼├┤Γö£ΓòóΓö¼├║Γò¼├┤Γö£ΓòùΓö£ΓöñΓò¼├┤Γö£ΓòóΓö¼Γò¥Γò¼├┤Γö£ΓûôΓö¼├æ╬ô├▓┬╝Γö£Γöñ╬ô├╢┬ú╬ô├▓├│╬ô├╢┬╝Γö£Γòæ╬ô├▓┬╝Γö£Γöñ╬ô├╢┬ú╬ô├▓├│╬ô├╢┬ú╬ô├╗├åΓò¼├┤Γö£ΓûôΓö¼Γò¥╬ô├╢┬ú╬ô├╢├▒Γò¼├┤Γö£ΓòóΓö¼├║Γò¼├┤Γö£ΓûôΓö£ΓöéΓò¼├┤Γö£ΓòóΓö¼Γò¥╬ô├╢┬ú╬ô├▓├ªΓò¼├┤Γö£ΓûôΓö¼Γò¥╬ô├╢┬ú╬ô├╢├▒Γò¼├┤Γö£ΓòóΓö¼├║Γò¼├┤Γö£ΓòùΓö£ΓöñΓò¼├┤Γö£ΓòóΓö¼├║Γò¼├┤Γö£ΓòóΓö£ΓîÉΓò¼├┤Γö£ΓûôΓö¼Γò¥╬ô├╢┬ú╬ô├╢├▒Γò¼├┤Γö£ΓòóΓö¼├║Γò¼├┤Γö£ΓûôΓö£ΓöéΓò¼├┤Γö£ΓòóΓö¼Γò¥Γò¼├┤Γö£ΓûôΓö¼├æ╬ô├▓┬╝Γö£Γöñ╬ô├╢┬ú╬ô├▓├│╬ô├╢┬╝Γö£Γòæ╬ô├▓┬╝Γö£Γöñ╬ô├╢┬ú╬ô├╗├┤╬ô├╢┬úΓö¼┬¼╬ô├▓┬╝Γö£Γöñ╬ô├╢┬ú╬ô├╗├┤╬ô├╢┬╝╬ô├▓┬ÑΓò¼├┤Γö£ΓòóΓö¼├║Γò¼├┤Γö£ΓòóΓö£ΓûÆ╬ô├▓┬╝Γö£Γöñ╬ô├╢┬ú╬ô├▓├│╬ô├╢┬╝Γö£Γòæ╬ô├▓┬╝Γö£Γöñ╬ô├╢┬ú╬ô├╗├┤╬ô├╢┬ú╬ô├╢├⌐╬ô├▓┬╝Γö£Γöñ╬ô├╢┬ú╬ô├▓├│╬ô├╢┬╝╬ô├▓┬ÑΓò¼├┤Γö£ΓòóΓö¼├║Γò¼├┤Γö£ΓûôΓö£┬¬Γò¼├┤Γö£ΓûôΓö¼Γò¥╬ô├╢┬ú╬ô├╢├▒Γò¼├┤Γö£ΓòóΓö¼├║Γò¼├┤Γö£ΓûôΓö£ΓöéΓò¼├┤Γö£ΓòóΓö¼Γò¥Γò¼├┤Γö£ΓûôΓö¼├æΓò¼├┤Γö£ΓûôΓö¼Γò¥╬ô├╢┬ú╬ô├╢├▒Γò¼├┤Γö£ΓòóΓö¼├║Γò¼├┤Γö£ΓòùΓö£ΓöñΓò¼├┤Γö£ΓòóΓö¼├║╬ô├╢┬╝Γö¼┬╝Γò¼├┤Γö£ΓûôΓö¼Γò¥╬ô├╢┬ú╬ô├╢├▒Γò¼├┤Γö£ΓòóΓö¼├║Γò¼├┤Γö£ΓòùΓö£ΓöñΓò¼├┤Γö£ΓòóΓö¼Γò¥Γò¼├┤Γö£ΓûôΓö¼├æ╬ô├▓┬╝Γö£Γöñ╬ô├╢┬ú╬ô├▓├│╬ô├╢┬╝Γö£Γòæ╬ô├▓┬╝Γö£Γöñ╬ô├╢┬ú╬ô├▓├│╬ô├╢┬ú╬ô├╗├åΓò¼├┤Γö£ΓûôΓö¼Γò¥╬ô├╢┬ú╬ô├╢├▒Γò¼├┤Γö£ΓòóΓö¼├║Γò¼├┤Γö£ΓûôΓö£ΓöéΓò¼├┤Γö£ΓòóΓö¼Γò¥╬ô├╢┬ú╬ô├▓├ªΓò¼├┤Γö£ΓûôΓö¼Γò¥╬ô├╢┬ú╬ô├╢├▒Γò¼├┤Γö£ΓòóΓö¼├║Γò¼├┤Γö£ΓòùΓö£ΓöñΓò¼├┤Γö£ΓòóΓö¼├║Γò¼├┤Γö£ΓòóΓö£ΓîÉΓò¼├┤Γö£ΓûôΓö¼Γò¥╬ô├╢┬ú╬ô├╢├▒Γò¼├┤Γö£ΓòóΓö¼├║Γò¼├┤Γö£ΓûôΓö£ΓöéΓò¼├┤Γö£ΓòóΓö¼Γò¥Γò¼├┤Γö£ΓûôΓö¼├æ╬ô├▓┬╝Γö£Γöñ╬ô├╢┬ú╬ô├▓├│╬ô├╢┬╝Γö£Γòæ╬ô├▓┬╝Γö£Γöñ╬ô├╢┬ú╬ô├╗├┤╬ô├╢┬úΓö¼┬¼╬ô├▓┬╝Γö£Γöñ╬ô├╢┬ú╬ô├╗├┤╬ô├╢┬╝╬ô├▓┬ÑΓò¼├┤Γö£ΓòóΓö¼├║Γò¼├┤Γö£ΓòóΓö£ΓûÆ╬ô├▓┬╝Γö£Γöñ╬ô├╢┬ú╬ô├▓├│╬ô├╢┬╝Γö£Γòæ╬ô├▓┬╝Γö£Γöñ╬ô├╢┬ú╬ô├╗├┤╬ô├╢┬ú╬ô├╢├⌐╬ô├▓┬╝Γö£Γöñ╬ô├╢┬ú╬ô├▓├│╬ô├╢┬╝╬ô├▓┬ÑΓò¼├┤Γö£ΓòóΓö¼├║Γò¼├┤Γö£ΓûôΓö£┬¬╬ô├▓┬╝Γö£Γöñ╬ô├╢┬ú╬ô├╗├┤╬ô├╢┬╝╬ô├▓┬ÑΓò¼├┤Γö£ΓòóΓö¼├║Γò¼├┤Γö£ΓòóΓö£ΓûÆ╬ô├▓┬╝Γö£Γöñ╬ô├╢┬ú╬ô├▓├│╬ô├╢┬╝Γö£Γòæ╬ô├▓┬╝Γö£Γöñ╬ô├╢┬ú╬ô├▓├╣╬ô├╢┬ú╬ô├╢├▒╬ô├▓┬╝Γö£Γöñ╬ô├╢┬ú╬ô├▓├│╬ô├╢┬╝Γö£Γòæ╬ô├▓┬╝Γö£Γöñ╬ô├╢┬ú╬ô├╗├┤╬ô├╢┬ú╬ô├▓├ªre a real designer at heart!"}}, {"model": "gamification.answer", "pk": 203, "fields": {"artifact_review": 9, "question_option": 148, "answer_text": "neutral"}}, {"model": "gamification.answer", "pk": 204, "fields": {"artifact_review": 9, "question_option": 154, "answer_text": "agree"}}, {"model": "gamification.answer", "pk": 205, "fields": {"artifact_review": 9, "question_option": 159, "answer_text": "agree"}}, {"model": "gamification.answer", "pk": 206, "fields": {"artifact_review": 9, "question_option": 165, "answer_text": "strongly agree"}}, {"model": "gamification.answer", "pk": 207, "fields": {"artifact_review": 9, "question_option": 169, "answer_text": "agree"}}, {"model": "gamification.answer", "pk": 208, "fields": {"artifact_review": 9, "question_option": 175, "answer_text": "strongly agree"}}, {"model": "gamification.answer", "pk": 209, "fields": {"artifact_review": 9, "question_option": 179, "answer_text": "agree"}}, {"model": "gamification.answer", "pk": 210, "fields": {"artifact_review": 9, "question_option": 185, "answer_text": "strongly agree"}}, {"model": "gamification.answer", "pk": 211, "fields": {"artifact_review": 9, "question_option": 189, "answer_text": "agree"}}, {"model": "gamification.answer", "pk": 212, "fields": {"artifact_review": 9, "question_option": 195, "answer_text": "strongly agree"}}, {"model": "gamification.answer", "pk": 213, "fields": {"artifact_review": 9, "question_option": 199, "answer_text": "agree"}}, {"model": "gamification.answer", "pk": 214, "fields": {"artifact_review": 9, "question_option": 202, "answer_text": "disagree"}}, {"model": "gamification.answer", "pk": 215, "fields": {"artifact_review": 9, "question_option": 209, "answer_text": "agree"}}, {"model": "gamification.answer", "pk": 216, "fields": {"artifact_review": 9, "question_option": 214, "answer_text": "agree"}}, {"model": "gamification.answer", "pk": 217, "fields": {"artifact_review": 9, "question_option": 219, "answer_text": "agree"}}, {"model": "gamification.answer", "pk": 218, "fields": {"artifact_review": 9, "question_option": 224, "answer_text": "agree"}}, {"model": "gamification.answer", "pk": 219, "fields": {"artifact_review": 9, "question_option": 228, "answer_text": "neutral"}}, {"model": "gamification.answer", "pk": 220, "fields": {"artifact_review": 9, "question_option": 235, "answer_text": "strongly agree"}}, {"model": "gamification.answer", "pk": 221, "fields": {"artifact_review": 9, "question_option": 238, "answer_text": "neutral"}}, {"model": "gamification.answer", "pk": 222, "fields": {"artifact_review": 9, "question_option": 242, "answer_text": "disagree"}}, {"model": "gamification.answer", "pk": 223, "fields": {"artifact_review": 9, "question_option": 249, "answer_text": "agree"}}, {"model": "gamification.answer", "pk": 224, "fields": {"artifact_review": 9, "question_option": 254, "answer_text": "agree"}}, {"model": "gamification.answer", "pk": 225, "fields": {"artifact_review": 9, "question_option": 258, "answer_text": "neutral"}}, {"model": "gamification.answer", "pk": 226, "fields": {"artifact_review": 9, "question_option": 265, "answer_text": "strongly agree"}}, {"model": "gamification.answer", "pk": 227, "fields": {"artifact_review": 9, "question_option": 269, "answer_text": "agree"}}, {"model": "gamification.answer", "pk": 228, "fields": {"artifact_review": 9, "question_option": 275, "answer_text": "strongly agree"}}, {"model": "gamification.answer", "pk": 229, "fields": {"artifact_review": 9, "question_option": 278, "answer_text": "neutral"}}, {"model": "gamification.answer", "pk": 230, "fields": {"artifact_review": 9, "question_option": 282, "answer_text": "1"}}, {"model": "gamification.answer", "pk": 231, "fields": {"artifact_review": 9, "question_option": 283, "answer_text": "1"}}, {"model": "gamification.answer", "pk": 232, "fields": {"artifact_review": 9, "question_option": 284, "answer_text": "1"}}, {"model": "gamification.answer", "pk": 233, "fields": {"artifact_review": 9, "question_option": 285, "answer_text": "1"}}, {"model": "gamification.answer", "pk": 234, "fields": {"artifact_review": 9, "question_option": 286, "answer_text": "1"}}, {"model": "gamification.answer", "pk": 235, "fields": {"artifact_review": 10, "question_option": 149, "answer_text": "agree"}}, {"model": "gamification.answer", "pk": 236, "fields": {"artifact_review": 10, "question_option": 153, "answer_text": "neutral"}}, {"model": "gamification.answer", "pk": 237, "fields": {"artifact_review": 10, "question_option": 160, "answer_text": "strongly agree"}}, {"model": "gamification.answer", "pk": 238, "fields": {"artifact_review": 10, "question_option": 161, "answer_text": "strongly disagree"}}, {"model": "gamification.answer", "pk": 239, "fields": {"artifact_review": 10, "question_option": 169, "answer_text": "agree"}}, {"model": "gamification.answer", "pk": 240, "fields": {"artifact_review": 10, "question_option": 175, "answer_text": "strongly agree"}}, {"model": "gamification.answer", "pk": 241, "fields": {"artifact_review": 10, "question_option": 179, "answer_text": "agree"}}, {"model": "gamification.answer", "pk": 242, "fields": {"artifact_review": 10, "question_option": 183, "answer_text": "neutral"}}, {"model": "gamification.answer", "pk": 243, "fields": {"artifact_review": 10, "question_option": 190, "answer_text": "strongly agree"}}, {"model": "gamification.answer", "pk": 244, "fields": {"artifact_review": 10, "question_option": 193, "answer_text": "neutral"}}, {"model": "gamification.answer", "pk": 245, "fields": {"artifact_review": 10, "question_option": 199, "answer_text": "agree"}}, {"model": "gamification.answer", "pk": 246, "fields": {"artifact_review": 10, "question_option": 204, "answer_text": "agree"}}, {"model": "gamification.answer", "pk": 247, "fields": {"artifact_review": 10, "question_option": 210, "answer_text": "strongly agree"}}, {"model": "gamification.answer", "pk": 248, "fields": {"artifact_review": 10, "question_option": 214, "answer_text": "agree"}}, {"model": "gamification.answer", "pk": 249, "fields": {"artifact_review": 10, "question_option": 218, "answer_text": "neutral"}}, {"model": "gamification.answer", "pk": 250, "fields": {"artifact_review": 10, "question_option": 225, "answer_text": "strongly agree"}}, {"model": "gamification.answer", "pk": 251, "fields": {"artifact_review": 10, "question_option": 229, "answer_text": "agree"}}, {"model": "gamification.answer", "pk": 252, "fields": {"artifact_review": 10, "question_option": 233, "answer_text": "neutral"}}, {"model": "gamification.answer", "pk": 253, "fields": {"artifact_review": 10, "question_option": 239, "answer_text": "agree"}}, {"model": "gamification.answer", "pk": 254, "fields": {"artifact_review": 10, "question_option": 245, "answer_text": "strongly agree"}}, {"model": "gamification.answer", "pk": 255, "fields": {"artifact_review": 10, "question_option": 248, "answer_text": "neutral"}}, {"model": "gamification.answer", "pk": 256, "fields": {"artifact_review": 10, "question_option": 255, "answer_text": "strongly agree"}}, {"model": "gamification.answer", "pk": 257, "fields": {"artifact_review": 10, "question_option": 260, "answer_text": "strongly agree"}}, {"model": "gamification.answer", "pk": 258, "fields": {"artifact_review": 10, "question_option": 264, "answer_text": "agree"}}, {"model": "gamification.answer", "pk": 259, "fields": {"artifact_review": 10, "question_option": 269, "answer_text": "agree"}}, {"model": "gamification.answer", "pk": 260, "fields": {"artifact_review": 10, "question_option": 275, "answer_text": "strongly agree"}}, {"model": "gamification.answer", "pk": 261, "fields": {"artifact_review": 10, "question_option": 279, "answer_text": "agree"}}, {"model": "gamification.answer", "pk": 262, "fields": {"artifact_review": 10, "question_option": 282, "answer_text": "7"}}, {"model": "gamification.answer", "pk": 263, "fields": {"artifact_review": 10, "question_option": 283, "answer_text": "9"}}, {"model": "gamification.answer", "pk": 264, "fields": {"artifact_review": 10, "question_option": 284, "answer_text": "8"}}, {"model": "gamification.answer", "pk": 265, "fields": {"artifact_review": 10, "question_option": 285, "answer_text": "9"}}, {"model": "gamification.answer", "pk": 266, "fields": {"artifact_review": 10, "question_option": 286, "answer_text": "9"}}, {"model": "gamification.answer", "pk": 267, "fields": {"artifact_review": 11, "question_option": 149, "answer_text": "agree"}}, {"model": "gamification.answer", "pk": 268, "fields": {"artifact_review": 11, "question_option": 155, "answer_text": "strongly agree"}}, {"model": "gamification.answer", "pk": 269, "fields": {"artifact_review": 11, "question_option": 160, "answer_text": "strongly agree"}}, {"model": "gamification.answer", "pk": 270, "fields": {"artifact_review": 11, "question_option": 164, "answer_text": "agree"}}, {"model": "gamification.answer", "pk": 271, "fields": {"artifact_review": 11, "question_option": 170, "answer_text": "strongly agree"}}, {"model": "gamification.answer", "pk": 272, "fields": {"artifact_review": 11, "question_option": 174, "answer_text": "agree"}}, {"model": "gamification.answer", "pk": 273, "fields": {"artifact_review": 11, "question_option": 179, "answer_text": "agree"}}, {"model": "gamification.answer", "pk": 274, "fields": {"artifact_review": 11, "question_option": 183, "answer_text": "neutral"}}, {"model": "gamification.answer", "pk": 275, "fields": {"artifact_review": 11, "question_option": 186, "answer_text": "strongly disagree"}}, {"model": "gamification.answer", "pk": 276, "fields": {"artifact_review": 11, "question_option": 193, "answer_text": "neutral"}}, {"model": "gamification.answer", "pk": 277, "fields": {"artifact_review": 11, "question_option": 199, "answer_text": "agree"}}, {"model": "gamification.answer", "pk": 278, "fields": {"artifact_review": 11, "question_option": 201, "answer_text": "strongly disagree"}}, {"model": "gamification.answer", "pk": 279, "fields": {"artifact_review": 11, "question_option": 209, "answer_text": "agree"}}, {"model": "gamification.answer", "pk": 280, "fields": {"artifact_review": 11, "question_option": 215, "answer_text": "strongly agree"}}, {"model": "gamification.answer", "pk": 281, "fields": {"artifact_review": 11, "question_option": 218, "answer_text": "neutral"}}, {"model": "gamification.answer", "pk": 282, "fields": {"artifact_review": 11, "question_option": 225, "answer_text": "strongly agree"}}, {"model": "gamification.answer", "pk": 283, "fields": {"artifact_review": 11, "question_option": 228, "answer_text": "neutral"}}, {"model": "gamification.answer", "pk": 284, "fields": {"artifact_review": 11, "question_option": 235, "answer_text": "strongly agree"}}, {"model": "gamification.answer", "pk": 285, "fields": {"artifact_review": 11, "question_option": 239, "answer_text": "agree"}}, {"model": "gamification.answer", "pk": 286, "fields": {"artifact_review": 11, "question_option": 245, "answer_text": "strongly agree"}}, {"model": "gamification.answer", "pk": 287, "fields": {"artifact_review": 11, "question_option": 248, "answer_text": "neutral"}}, {"model": "gamification.answer", "pk": 288, "fields": {"artifact_review": 11, "question_option": 255, "answer_text": "strongly agree"}}, {"model": "gamification.answer", "pk": 289, "fields": {"artifact_review": 11, "question_option": 260, "answer_text": "strongly agree"}}, {"model": "gamification.answer", "pk": 290, "fields": {"artifact_review": 11, "question_option": 263, "answer_text": "neutral"}}, {"model": "gamification.answer", "pk": 291, "fields": {"artifact_review": 11, "question_option": 269, "answer_text": "agree"}}, {"model": "gamification.answer", "pk": 292, "fields": {"artifact_review": 11, "question_option": 275, "answer_text": "strongly agree"}}, {"model": "gamification.answer", "pk": 293, "fields": {"artifact_review": 11, "question_option": 277, "answer_text": "disagree"}}, {"model": "gamification.answer", "pk": 294, "fields": {"artifact_review": 11, "question_option": 282, "answer_text": "10"}}, {"model": "gamification.answer", "pk": 295, "fields": {"artifact_review": 11, "question_option": 283, "answer_text": "8"}}, {"model": "gamification.answer", "pk": 296, "fields": {"artifact_review": 11, "question_option": 284, "answer_text": "8"}}, {"model": "gamification.answer", "pk": 297, "fields": {"artifact_review": 11, "question_option": 285, "answer_text": "5"}}, {"model": "gamification.answer", "pk": 298, "fields": {"artifact_review": 11, "question_option": 286, "answer_text": "10"}}, {"model": "gamification.answer", "pk": 301, "fields": {"artifact_review": 12, "question_option": 281, "answer_text": "I really like this page. Your presentation was well-organized and easy to follow. I appreciated the clear structure and logical flow of your ideas."}}, {"model": "gamification.answer", "pk": 302, "fields": {"artifact_review": 12, "question_option": 281, "answer_text": "Your presentation was well-rehearsed and polished. It was clear that you put a lot of time and effort into preparing for this talk."}}, {"model": "gamification.answer", "pk": 303, "fields": {"artifact_review": 12, "question_option": 281, "answer_text": "Your presentation was well-timed, and you kept within the allotted time frame. This is an important skill that not all presenters possess."}}, {"model": "gamification.artifactfeedback", "pk": 301, "fields": {"page": "1"}}, {"model": "gamification.artifactfeedback", "pk": 302, "fields": {"page": "2"}}, {"model": "gamification.artifactfeedback", "pk": 303, "fields": {"page": "2"}}, {"model": "gamification.artifact", "pk": 1, "fields": {"entity": 2, "assignment": 1, "upload_time": "2022-08-03T05:47:42.486Z", "file": "assignment_files/Internship_Experience_Review_Report_-_Sample_Report_Draft_V00GKst.pdf"}}, {"model": "gamification.artifact", "pk": 2, "fields": {"entity": 3, "assignment": 1, "upload_time": "2022-08-03T05:47:42.486Z", "file": "assignment_files/Internship_Experience_Review_Report_-_Sample_Report_Draft_V03GKst.pdf"}}, {"model": "gamification.artifact", "pk": 3, "fields": {"entity": 4, "assignment": 1, "upload_time": "2022-08-03T05:47:42.486Z", "file": "assignment_files/Internship_Experience_Review_Report_-_Sample_Report_Draft_V02GKst.pdf"}}, {"model": "gamification.artifact", "pk": 4, "fields": {"entity": 5, "assignment": 1, "upload_time": "2022-08-03T05:47:42.486Z", "file": "assignment_files/Internship_Experience_Review_Report_-_Sample_Report_Draft_V01GKst.pdf"}}, {"model": "gamification.artifactreview", "pk": 2, "fields": {"artifact": 1, "user": 9, "status": "LATE", "artifact_review_score": 100, "max_artifact_review_score": 100}}, {"model": "gamification.artifactreview", "pk": 3, "fields": {"artifact": 1, "user": 8, "status": "LATE", "artifact_review_score": 88, "max_artifact_review_score": 100}}, {"model": "gamification.artifactreview", "pk": 4, "fields": {"artifact": 1, "user": 7, "status": "INCOMPLETE", "artifact_review_score": 86, "max_artifact_review_score": 100}}, {"model": "gamification.artifactreview", "pk": 5, "fields": {"artifact": 1, "user": 10, "status": "LATE", "artifact_review_score": 88, "max_artifact_review_score": 100}}, {"model": "gamification.artifactreview", "pk": 6, "fields": {"artifact": 1, "user": 17, "status": "LATE", "artifact_review_score": 80, "max_artifact_review_score": 100}}, {"model": "gamification.artifactreview", "pk": 7, "fields": {"artifact": 1, "user": 18, "status": "LATE", "artifact_review_score": 85, "max_artifact_review_score": 100}}, {"model": "gamification.artifactreview", "pk": 8, "fields": {"artifact": 1, "user": 19, "status": "LATE", "artifact_review_score": 98, "max_artifact_review_score": 100}}, {"model": "gamification.artifactreview", "pk": 9, "fields": {"artifact": 1, "user": 20, "status": "LATE", "artifact_review_score": 88, "max_artifact_review_score": 100}}, {"model": "gamification.artifactreview", "pk": 10, "fields": {"artifact": 1, "user": 21, "status": "LATE", "artifact_review_score": 92, "max_artifact_review_score": 100}}, {"model": "gamification.artifactreview", "pk": 11, "fields": {"artifact": 1, "user": 22, "status": "LATE", "artifact_review_score": 80, "max_artifact_review_score": 100}}, {"model": "gamification.artifactreview", "pk": 12, "fields": {"artifact": 1, "user": 23, "status": "LATE", "artifact_review_score": 90, "max_artifact_review_score": 100}}, {"model": "gamification.artifactreview", "pk": 13, "fields": {"artifact": 2, "user": 23, "status": "LATE", "artifact_review_score": 80, "max_artifact_review_score": 100}}, {"model": "gamification.artifactreview", "pk": 14, "fields": {"artifact": 2, "user": 22, "status": "LATE", "artifact_review_score": 88, "max_artifact_review_score": 100}}, {"model": "gamification.artifactreview", "pk": 15, "fields": {"artifact": 2, "user": 21, "status": "LATE", "artifact_review_score": 86, "max_artifact_review_score": 100}}, {"model": "gamification.artifactreview", "pk": 16, "fields": {"artifact": 2, "user": 20, "status": "LATE", "artifact_review_score": 96, "max_artifact_review_score": 100}}, {"model": "gamification.artifactreview", "pk": 17, "fields": {"artifact": 2, "user": 19, "status": "LATE", "artifact_review_score": 100, "max_artifact_review_score": 100}}, {"model": "gamification.artifactreview", "pk": 18, "fields": {"artifact": 2, "user": 18, "status": "LATE", "artifact_review_score": 60, "max_artifact_review_score": 100}}, {"model": "gamification.artifactreview", "pk": 19, "fields": {"artifact": 2, "user": 17, "status": "LATE", "artifact_review_score": 80, "max_artifact_review_score": 100}}, {"model": "gamification.artifactreview", "pk": 20, "fields": {"artifact": 2, "user": 10, "status": "LATE", "artifact_review_score": 68, "max_artifact_review_score": 100}}, {"model": "gamification.artifactreview", "pk": 21, "fields": {"artifact": 3, "user": 7, "status": "LATE", "artifact_review_score": 88, "max_artifact_review_score": 100}}, {"model": "gamification.artifactreview", "pk": 27, "fields": {"artifact": 3, "user": 20, "status": "LATE", "artifact_review_score": 98, "max_artifact_review_score": 100}}, {"model": "gamification.artifactreview", "pk": 28, "fields": {"artifact": 4, "user": 19, "status": "LATE", "artifact_review_score": 96, "max_artifact_review_score": 100}}, {"model": "gamification.artifactreview", "pk": 29, "fields": {"artifact": 4, "user": 18, "status": "LATE", "artifact_review_score": 98, "max_artifact_review_score": 100}}, {"model": "gamification.artifactreview", "pk": 30, "fields": {"artifact": 4, "user": 17, "status": "LATE", "artifact_review_score": 100, "max_artifact_review_score": 100}}, {"model": "gamification.membership", "pk": 2, "fields": {"student": 7, "entity": 2}}, {"model": "gamification.membership", "pk": 5, "fields": {"student": 8, "entity": 3}}, {"model": "gamification.membership", "pk": 6, "fields": {"student": 9, "entity": 4}}, {"model": "gamification.membership", "pk": 7, "fields": {"student": 10, "entity": 5}}, {"model": "gamification.membership", "pk": 14, "fields": {"student": 17, "entity": 12}}, {"model": "gamification.membership", "pk": 15, "fields": {"student": 18, "entity": 13}}, {"model": "gamification.membership", "pk": 16, "fields": {"student": 19, "entity": 14}}, {"model": "gamification.membership", "pk": 17, "fields": {"student": 20, "entity": 15}}, {"model": "gamification.membership", "pk": 18, "fields": {"student": 21, "entity": 16}}, {"model": "gamification.membership", "pk": 19, "fields": {"student": 22, "entity": 17}}, {"model": "gamification.membership", "pk": 20, "fields": {"student": 23, "entity": 18}}, {"model": "gamification.entity", "pk": 2, "fields": {"course": 1}}, {"model": "gamification.entity", "pk": 3, "fields": {"course": 1}}, {"model": "gamification.entity", "pk": 4, "fields": {"course": 1}}, {"model": "gamification.entity", "pk": 5, "fields": {"course": 1}}, {"model": "gamification.entity", "pk": 12, "fields": {"course": 1}}, {"model": "gamification.entity", "pk": 13, "fields": {"course": 1}}, {"model": "gamification.entity", "pk": 14, "fields": {"course": 1}}, {"model": "gamification.entity", "pk": 15, "fields": {"course": 1}}, {"model": "gamification.entity", "pk": 16, "fields": {"course": 1}}, {"model": "gamification.entity", "pk": 17, "fields": {"course": 1}}, {"model": "gamification.entity", "pk": 18, "fields": {"course": 1}}, {"model": "gamification.team", "pk": 2, "fields": {"name": "T1"}}, {"model": "gamification.team", "pk": 3, "fields": {"name": "T2"}}, {"model": "gamification.team", "pk": 4, "fields": {"name": "T3"}}, {"model": "gamification.team", "pk": 5, "fields": {"name": "T4"}}, {"model": "gamification.team", "pk": 12, "fields": {"name": "T5"}}, {"model": "gamification.team", "pk": 13, "fields": {"name": "T6"}}, {"model": "gamification.team", "pk": 14, "fields": {"name": "T7"}}, {"model": "gamification.team", "pk": 15, "fields": {"name": "T8"}}, {"model": "gamification.team", "pk": 16, "fields": {"name": "T9"}}, {"model": "gamification.team", "pk": 17, "fields": {"name": "T10"}}, {"model": "gamification.team", "pk": 18, "fields": {"name": "T12"}}, {"model": "gamification.customuser", "pk": 1, "fields": {"password": "pbkdf2_sha256$260000$xHt21bwgdmyPIzbthLXusT$pejrVGOlGANhWeVsldFEoZK2To27CqtX+qYusk1mGcg=", "last_login": "2022-07-08T05:08:22Z", "is_superuser": true, "andrew_id": "admin1", "image": "", "first_name": "One", "last_name": "Admin", "email": "admin1@example.com", "is_staff": true, "is_active": true, "date_joined": "2022-07-08T05:08:05Z", "exp": 0, "groups": [], "user_permissions": []}}, {"model": "gamification.customuser", "pk": 2, "fields": {"password": "pbkdf2_sha256$260000$zqZj2DBbKdHuq7xvKOJWPy$c4C0fL9rvPxbX2kQreKlVBi7l43JLbL0q8p6MOCxfcg=", "last_login": null, "is_superuser": false, "andrew_id": "admin2", "image": "", "first_name": "Two", "last_name": "Admin", "email": "admin2@example.com", "is_staff": true, "is_active": true, "date_joined": "2022-07-08T05:09:07Z", "exp": 0, "groups": [], "user_permissions": []}}, {"model": "gamification.customuser", "pk": 3, "fields": {"password": "pbkdf2_sha256$260000$X2I0ZkN0GriBlk3S79FhEe$Ij/+eEHQ+F13dDGrHWZLZ4c1vLK/zXjFceyVaDPQbX0=", "last_login": null, "is_superuser": false, "andrew_id": "user1", "image": "", "first_name": "One", "last_name": "User", "email": "user1@example.com", "is_staff": false, "is_active": true, "date_joined": "2022-07-08T05:09:38Z", "exp": 0, "groups": [], "user_permissions": []}}, {"model": "gamification.customuser", "pk": 4, "fields": {"password": "pbkdf2_sha256$260000$XaQcjaWcTb2x3Vn07zuGFU$a6z7P2z9k/JTQ//5zTxPO1vFrGLNJCnjQFbHDySebQ8=", "last_login": null, "is_superuser": false, "andrew_id": "user2", "image": "", "first_name": "Two", "last_name": "User", "email": "user2@example.com", "is_staff": false, "is_active": true, "date_joined": "2022-07-08T05:09:53Z", "exp": 0, "groups": [], "user_permissions": []}}, {"model": "gamification.customuser", "pk": 5, "fields": {"password": "pbkdf2_sha256$260000$d8SDWOTGhGJnsgWp1LzlmF$1cQPocGgVDS3iXG9/HlqCW63SstLrVzhvdfIqkO8o8A=", "last_login": null, "is_superuser": false, "andrew_id": "user3", "image": "", "first_name": "Three", "last_name": "User", "email": "user3@example.com", "is_staff": false, "is_active": true, "date_joined": "2022-07-08T05:10:10Z", "exp": 0, "groups": [], "user_permissions": []}}, {"model": "gamification.customuser", "pk": 6, "fields": {"password": "pbkdf2_sha256$260000$nCDEEp5bxfSWTL9hIfWPV7$NVExQXepgpMUsQA88RNnMyMabNjQVwr8ixvNxsVipqk=", "last_login": null, "is_superuser": false, "andrew_id": "user4", "image": "", "first_name": "Four", "last_name": "User", "email": "user4@example.com", "is_staff": false, "is_active": true, "date_joined": "2022-07-08T05:10:25Z", "exp": 0, "groups": [], "user_permissions": []}}, {"model": "gamification.customuser", "pk": 13, "fields": {"password": "pbkdf2_sha256$260000$SaHVa2goVp1Di1HwLrgizm$ygh1sf8SEcZeBGo7xMDDRIOknOwxQkMrIoSXW47jNxM=", "last_login": null, "is_superuser": false, "andrew_id": "user5", "image": "", "first_name": "", "last_name": "", "email": "user5@andrew.cmu.edu", "is_staff": false, "is_active": true, "date_joined": "2023-03-07T22:14:15.398Z", "exp": 0, "groups": [], "user_permissions": []}}, {"model": "gamification.customuser", "pk": 14, "fields": {"password": "pbkdf2_sha256$260000$gefOyewj1GvgzmYafjhlrf$HToou3EHdzMzmAAHPJypmDtcUvlHs9B6lshCCxs9aNk=", "last_login": null, "is_superuser": false, "andrew_id": "user6", "image": "", "first_name": "", "last_name": "", "email": "user6@andrew.cmu.edu", "is_staff": false, "is_active": true, "date_joined": "2023-03-07T22:14:34.976Z", "exp": 0, "groups": [], "user_permissions": []}}, {"model": "gamification.customuser", "pk": 15, "fields": {"password": "pbkdf2_sha256$260000$hzA7Dbi43IrmJx3JtTbTk6$1lD2zYkDaQgAfbT86zU2ENZOi/59pyMgRpfKl1kmc4w=", "last_login": null, "is_superuser": false, "andrew_id": "user7", "image": "", "first_name": "", "last_name": "", "email": "user7@andrew.cmu.edu", "is_staff": false, "is_active": true, "date_joined": "2023-03-07T22:14:50.246Z", "exp": 0, "groups": [], "user_permissions": []}}, {"model": "gamification.customuser", "pk": 16, "fields": {"password": "pbkdf2_sha256$260000$U9mRVpsKfDxGgIwVhM422k$S8TKqMFHb7R6BWUUWBUFt4tmOrK/x07/C5gUD3KJTQY=", "last_login": null, "is_superuser": false, "andrew_id": "user8", "image": "", "first_name": "", "last_name": "", "email": "user8@andrew.cmu.edu", "is_staff": false, "is_active": true, "date_joined": "2023-03-07T22:14:58.370Z", "exp": 0, "groups": [], "user_permissions": []}}, {"model": "gamification.customuser", "pk": 17, "fields": {"password": "pbkdf2_sha256$260000$gN5ROTCZCqCaunm899oXL2$mZQPAPE0XusyfI39Vqdrt28HU/iymqh0/XZRguHj6SA=", "last_login": null, "is_superuser": false, "andrew_id": "user9", "image": "", "first_name": "", "last_name": "", "email": "user9@andrew.cmu.edu", "is_staff": false, "is_active": true, "date_joined": "2023-03-07T22:15:05.799Z", "exp": 0, "groups": [], "user_permissions": []}}, {"model": "gamification.customuser", "pk": 18, "fields": {"password": "pbkdf2_sha256$260000$Fsxxg4A59GtRkXniCGJhVS$LKFIWdN4K7d/BxDUdI2avOIWlU+ww7m+bRIi3D0qva0=", "last_login": null, "is_superuser": false, "andrew_id": "user10", "image": "", "first_name": "", "last_name": "", "email": "user10@andrew.cmu.edu", "is_staff": false, "is_active": true, "date_joined": "2023-03-07T22:15:14.005Z", "exp": 0, "groups": [], "user_permissions": []}}, {"model": "gamification.customuser", "pk": 19, "fields": {"password": "pbkdf2_sha256$260000$ri8mDjI4uccaMtE5lnthiy$DOQ7iNY26Iv2v3u0Nq55KUx59hvXKs8xAAaO0K4K1e4=", "last_login": null, "is_superuser": false, "andrew_id": "user12", "image": "", "first_name": "", "last_name": "", "email": "user12@andrew.cmu.edu", "is_staff": false, "is_active": true, "date_joined": "2023-03-13T02:55:47.541Z", "exp": 0, "groups": [], "user_permissions": []}}, {"model": "gamification.registration", "pk": 1, "fields": {"user": 1, "course": 1, "userRole": "Instructor", "points": 0}}, {"model": "gamification.registration", "pk": 2, "fields": {"user": 2, "course": 2, "userRole": "Instructor", "points": 0}}, {"model": "gamification.registration", "pk": 3, "fields": {"user": 2, "course": 3, "userRole": "Instructor", "points": 0}}, {"model": "gamification.registration", "pk": 4, "fields": {"user": 1, "course": 4, "userRole": "Instructor", "points": 0}}, {"model": "gamification.registration", "pk": 5, "fields": {"user": 1, "course": 5, "userRole": "Instructor", "points": 0}}, {"model": "gamification.registration", "pk": 6, "fields": {"user": 2, "course": 5, "userRole": "Instructor", "points": 0}}, {"model": "gamification.registration", "pk": 7, "fields": {"user": 3, "course": 1, "userRole": "Student", "points": 0}}, {"model": "gamification.registration", "pk": 8, "fields": {"user": 4, "course": 1, "userRole": "Student", "points": 0}}, {"model": "gamification.registration", "pk": 9, "fields": {"user": 5, "course": 1, "userRole": "Student", "points": 0}}, {"model": "gamification.registration", "pk": 10, "fields": {"user": 6, "course": 1, "userRole": "Student", "points": 0}}, {"model": "gamification.registration", "pk": 17, "fields": {"user": 13, "course": 1, "userRole": "Student", "points": 0}}, {"model": "gamification.registration", "pk": 18, "fields": {"user": 14, "course": 1, "userRole": "Student", "points": 0}}, {"model": "gamification.registration", "pk": 19, "fields": {"user": 15, "course": 1, "userRole": "Student", "points": 0}}, {"model": "gamification.registration", "pk": 20, "fields": {"user": 16, "course": 1, "userRole": "Student", "points": 0}}, {"model": "gamification.registration", "pk": 21, "fields": {"user": 17, "course": 1, "userRole": "Student", "points": 0}}, {"model": "gamification.registration", "pk": 22, "fields": {"user": 18, "course": 1, "userRole": "Student", "points": 0}}, {"model": "gamification.registration", "pk": 23, "fields": {"user": 19, "course": 1, "userRole": "Student", "points": 0}}, {"model": "gamification.course", "pk": 1, "fields": {"course_number": "18652", "course_name": "Foundations of Software Engineering", "syllabus": "In this course, you will learn about software engineering paradigms that have shaped the software industry over the past few decades. You will be exposed to fundamental disciplines of software engineering as well as engineering practices that crosscut system, project, and user perspectives. You will learn to iteratively define requirements, and architect, design, implement, integrate, test, and deploy a solution. You will work on self-organizing teams and manage the work collaboratively. You will also learn to solve a real problem subject to multiple constraints while keeping the stakeholders involved throughout the lifecycle and balancing the underlying engineering tradeoffs. The topics are applied in the context of a semester-long group project. Please note that this course is intended for ECE master students with a concentration in Software Engineering and will satisfy the \"Software Engineering and Design\" course area requirement. Students should be familiar with basic software development experience with proficiency in at least one modern programming language and modern programming concepts. Prior to admission, students must successful complete a programming assignment to demonstrate familiarity with required software technologies.", "semester": "Fall 2021", "visible": true, "picture": ""}}, {"model": "gamification.course", "pk": 2, "fields": {"course_number": "18668", "course_name": "Data Science for Software Engineering", "syllabus": "Building, operating and maintaining software systems generate large and diverse sets of data that capture process, product, and project information. As software systems and processes used to create them increase in complexity, software engineers, development teams, and engineering managers must rely on data-driven decisions to handle problems that arise from the system conception to its maintenance. This course applies data science techniques in the context of software engineering (SE). The richness and volume of data available make techniques rooted in machine learning and optimization particularly suitable in this context with many practical applications. The main focus of the course is on applications of machine learning, but also covering optimization techniques. Students will learn (1) how to solve SE problems through a data-driven approach, and (2) how to bootstrap SE principles to implement and evaluate data-driven applications. Applications include generation of requirement specifications, automatic code documentation; software project cost estimation; software quality prediction; semi-automatic refactoring; requirements and defect prioritization, automatic bug assignment and test cases generation. A variety of data science techniques will be used, including deep learning, supervised and semi-supervised learning, search-based methods, and topic modeling. At the end of the course, students are expected to (i) identify SE problems that can be addressed by data science techniques; (ii) identify the sources and nature of the data needed to solve these problems; (iii) choose the proper combinations of data science techniques to solve them; (iv) design, implement, and test data science applications using sound SE principles.", "semester": "Spring 2022", "visible": true, "picture": ""}}, {"model": "gamification.course", "pk": 3, "fields": {"course_number": "18661", "course_name": "Introduction to Machine Learning for Engineers", "syllabus": "This course provides an introduction to machine learning with a special focus on engineering applications. The course starts with a mathematical background required for machine learning and covers approaches for supervised learning (linear models, kernel methods, decision trees, neural networks) and unsupervised learning (clustering, dimensionality reduction), as well as theoretical foundations of machine learning (learning theory, optimization). Evaluation will consist of mathematical problem sets and programming projects targeting real-world engineering applications. This course is crosslisted with 18-461. ECE graduate students will be prioritized for 18-661, and ECE undergraduate students will be prioritized for 18-461. Although students in 18-461 will share lectures with students in 18-661, students in 18-461 will receive distinct homework assignments, distinct programming projects, and distinct exams from the ones given to students in 18-661. Specifically, the homework assignments, programming projects, and exams that are given to the 18-661 students will be more challenging than those given to the 18-461 students.", "semester": "Spring 2024", "visible": false, "picture": ""}}, {"model": "gamification.course", "pk": 4, "fields": {"course_number": "18749", "course_name": "Building Reliable Distributed Systems", "syllabus": "The course provides an in-depth and hands-on overview of designing and developing reliable distributed systems, throughout a system?s lifecycle, starting from fault-tolerant design and execution (replication, group communication, databases) to fault-recovery (fault-detection, logging, check-pointing, failure-diagnosis) for various classes of faults (crashes, communication errors, software upgrades). The course will cover real-world practices for reliability, supplemented by case studies of large-scale downtime incidents. The concepts will be taught in the context of contemporary cloud-computing platforms, and the course will include a hands-on project that involves the design, implementation and empirical evaluation of a reliable distributed cloud-based system. Students will be taught to write, review, and present a conference-style research paper by the end of the semester, with the goal of documenting the design, lessons learned and experimental results of their team project. Students can expect to learn about the reliability issues underlying cloud computing, the tools and best practices for implementing and evaluating reliability, and the strengths and weaknesses of current cloud-computing platforms from the perspective of reliability.", "semester": "Summer 2024", "visible": false, "picture": ""}}, {"model": "gamification.course", "pk": 5, "fields": {"course_number": "18664", "course_name": "Software Refactoring", "syllabus": "Refactoring aims to improve the system's structural quality without changing its behavior. It is essential practice to guarantee programs' longevity since maintenance activities often degrade the system structure. Thus, it is in the software companies' best interests to ensure that developers know how to refactor their systems. Unfortunately, refactoring is not a trivial task; it can change the entire system structure! Undesirable effects can occur if developers do not know how to carry on these changes. They can degrade the structural quality and even introduce defects.\r\n\r\nThe focus of the course is to learn how to confidently apply refactoring operations. Students will learn to apply refactoring for different granularity levels in a software system and additional resources such as APIs, databases, and test code. By the end of the course, students are expected to (i) recognize symptoms in the source code that warrant refactoring; (ii) apply refactoring at the architectural level and code level; (iii) evaluate the impact of the applied refactoring operations, (iv) design, implement, and deploy a tool to support software refactoring.\r\n\r\nThis course is especially intended for ECE students pursuing a Master of Science degree in Software Engineering.", "semester": "Spring 2022", "visible": true, "picture": ""}}, {"model": "gamification.course", "pk": 20230512, "fields": {"course_number": "0", "course_name": "Gamification System", "syllabus": "N/A", "semester": "N/A", "visible": false, "picture": "N/A"}}, {"model": "gamification.feedbacksurvey", "pk": 1, "fields": {"template": 2, "assignment": 1, "date_created": "2023-03-07T21:48:20.433Z", "date_released": "2023-03-07T21:48:00Z", "date_due": "2023-03-07T21:48:00Z"}}, {"model": "gamification.assignment", "pk": 1, "fields": {"course": 1, "assignment_name": "Chat Room Iteration 1", "description": "Implement a simple FSE Chat Room application. The system should allow a user to perform the following functions:\r\n1. Register for the chat room with a new username (one that does not already exist) and password\r\n2. Enter the chat room (Login) with his/her username and password\r\n3. See other usersΓò¼├┤Γö£ΓûôΓö¼Γò¥╬ô├╢┬ú╬ô├╢├▒Γò¼├┤Γö£ΓòóΓö¼├║Γò¼├┤Γö£ΓòùΓö£ΓöñΓò¼├┤Γö£ΓòóΓö¼Γò¥Γò¼├┤Γö£ΓûôΓö¼├æ╬ô├▓┬╝Γö£Γöñ╬ô├╢┬ú╬ô├▓├│╬ô├╢┬╝Γö£Γòæ╬ô├▓┬╝Γö£Γöñ╬ô├╢┬ú╬ô├▓├│╬ô├╢┬ú╬ô├╗├åΓò¼├┤Γö£ΓûôΓö¼Γò¥╬ô├╢┬ú╬ô├╢├▒Γò¼├┤Γö£ΓòóΓö¼├║Γò¼├┤Γö£ΓûôΓö£ΓöéΓò¼├┤Γö£ΓòóΓö¼Γò¥╬ô├╢┬ú╬ô├▓├ªΓò¼├┤Γö£ΓûôΓö¼Γò¥╬ô├╢┬ú╬ô├╢├▒Γò¼├┤Γö£ΓòóΓö¼├║Γò¼├┤Γö£ΓûôΓö£ΓòúΓò¼├┤Γö£ΓòóΓö¼├║Γò¼├┤Γö£ΓòóΓö£ΓûÆΓò¼├┤Γö£ΓûôΓö¼Γò¥╬ô├╢┬ú╬ô├╢├▒Γò¼├┤Γö£ΓòóΓö¼├║Γò¼├┤Γö£ΓûôΓö£ΓöéΓò¼├┤Γö£ΓòóΓö¼Γò¥Γò¼├┤Γö£ΓûôΓö¼├æΓò¼├┤Γö£ΓûôΓö¼Γò¥╬ô├╢┬ú╬ô├╢├▒Γò¼├┤Γö£ΓòóΓö¼├║Γò¼├┤Γö£ΓòùΓö£ΓöñΓò¼├┤Γö£ΓòóΓö¼Γò¥╬ô├╢┬úΓö£┬¬╬ô├▓┬╝Γö£Γöñ╬ô├╢┬ú╬ô├╗├┤╬ô├╢┬╝╬ô├▓┬ÑΓò¼├┤Γö£ΓòóΓö¼├║Γò¼├┤Γö£ΓòóΓö£ΓûÆ╬ô├▓┬╝Γö£Γöñ╬ô├╢┬ú╬ô├▓├│╬ô├╢┬╝Γö£Γòæ╬ô├▓┬╝Γö£Γöñ╬ô├╢┬ú╬ô├╗├┤╬ô├╢┬ú╬ô├╢├⌐╬ô├▓┬╝Γö£Γöñ╬ô├╢┬ú╬ô├▓├│╬ô├╢┬╝╬ô├▓┬ÑΓò¼├┤Γö£ΓòóΓö¼├║Γò¼├┤Γö£ΓûôΓö£┬¬╬ô├▓┬╝Γö£Γöñ╬ô├╢┬ú╬ô├╗├┤╬ô├╢┬╝╬ô├▓┬ÑΓò¼├┤Γö£ΓòóΓö¼├║Γò¼├┤Γö£ΓòóΓö£ΓûÆ╬ô├▓┬╝Γö£Γöñ╬ô├╢┬ú╬ô├▓├│╬ô├╢┬╝Γö£Γòæ╬ô├▓┬╝Γö£Γöñ╬ô├╢┬ú╬ô├╗├┤╬ô├╢┬ú╬ô├╢├⌐╬ô├▓┬╝Γö£Γöñ╬ô├╢┬ú╬ô├▓├│╬ô├╢┬╝Γö£Γòæ╬ô├▓┬╝Γö£Γöñ╬ô├╢┬ú╬ô├▓├╣╬ô├╢┬úΓö£├æΓò¼├┤Γö£ΓûôΓö¼Γò¥╬ô├╢┬ú╬ô├╢├▒Γò¼├┤Γö£ΓòóΓö¼├║Γò¼├┤Γö£ΓòùΓö£ΓöñΓò¼├┤Γö£ΓòóΓö¼Γò¥Γò¼├┤Γö£ΓûôΓö¼├æ╬ô├▓┬╝Γö£Γöñ╬ô├╢┬ú╬ô├▓├│╬ô├╢┬╝Γö£Γòæ╬ô├▓┬╝Γö£Γöñ╬ô├╢┬ú╬ô├▓├│╬ô├╢┬ú╬ô├╗├åΓò¼├┤Γö£ΓûôΓö¼Γò¥╬ô├╢┬ú╬ô├╢├▒Γò¼├┤Γö£ΓòóΓö¼├║Γò¼├┤Γö£ΓûôΓö£ΓöéΓò¼├┤Γö£ΓòóΓö¼Γò¥╬ô├╢┬ú╬ô├▓├ªΓò¼├┤Γö£ΓûôΓö¼Γò¥╬ô├╢┬ú╬ô├╢├▒Γò¼├┤Γö£ΓòóΓö¼├║Γò¼├┤Γö£ΓòùΓö£ΓöñΓò¼├┤Γö£ΓòóΓö¼├║Γò¼├┤Γö£ΓòóΓö£ΓîÉΓò¼├┤Γö£ΓûôΓö¼Γò¥╬ô├╢┬ú╬ô├╢├▒Γò¼├┤Γö£ΓòóΓö¼├║Γò¼├┤Γö£ΓûôΓö£ΓöéΓò¼├┤Γö£ΓòóΓö¼Γò¥Γò¼├┤Γö£ΓûôΓö¼├æ╬ô├▓┬╝Γö£Γöñ╬ô├╢┬ú╬ô├▓├│╬ô├╢┬╝Γö£Γòæ╬ô├▓┬╝Γö£Γöñ╬ô├╢┬ú╬ô├╗├┤╬ô├╢┬úΓö¼┬¼Γò¼├┤Γö£ΓûôΓö¼Γò¥╬ô├╢┬ú╬ô├╢├▒Γò¼├┤Γö£ΓòóΓö¼├║Γò¼├┤Γö£ΓòùΓö£ΓöñΓò¼├┤Γö£ΓòóΓö¼Γò¥Γò¼├┤Γö£ΓûôΓö¼├æ╬ô├▓┬╝Γö£Γöñ╬ô├╢┬ú╬ô├▓├│╬ô├╢┬╝Γö£Γòæ╬ô├▓┬╝Γö£Γöñ╬ô├╢┬ú╬ô├▓├│╬ô├╢┬ú╬ô├╗├åΓò¼├┤Γö£ΓûôΓö¼Γò¥╬ô├╢┬ú╬ô├╢├▒Γò¼├┤Γö£ΓòóΓö¼├║Γò¼├┤Γö£ΓûôΓö£ΓöéΓò¼├┤Γö£ΓòóΓö¼Γò¥╬ô├╢┬ú╬ô├▓├ªΓò¼├┤Γö£ΓûôΓö¼Γò¥╬ô├╢┬ú╬ô├╢├▒Γò¼├┤Γö£ΓòóΓö¼├║Γò¼├┤Γö£ΓòùΓö£ΓöñΓò¼├┤Γö£ΓòóΓö¼├║Γò¼├┤Γö£ΓûôΓö£ΓòæΓò¼├┤Γö£ΓûôΓö¼Γò¥╬ô├╢┬ú╬ô├╢├▒Γò¼├┤Γö£ΓòóΓö¼├║Γò¼├┤Γö£ΓûôΓö£ΓöéΓò¼├┤Γö£ΓòóΓö¼Γò¥╬ô├╢┬ú╬ô├▓├ªΓò¼├┤Γö£ΓûôΓö¼Γò¥╬ô├╢┬ú╬ô├╢├▒Γò¼├┤Γö£ΓòóΓö¼├║Γò¼├┤Γö£ΓûôΓö£ΓöéΓò¼├┤Γö£ΓòóΓö¼├║Γò¼├┤Γö£ΓòùΓö£├Ñ╬ô├▓┬╝Γö£Γöñ╬ô├╢┬ú╬ô├╗├┤╬ô├╢┬╝╬ô├▓┬ÑΓò¼├┤Γö£ΓòóΓö¼├║Γò¼├┤Γö£ΓòóΓö£ΓûÆ╬ô├▓┬╝Γö£Γöñ╬ô├╢┬ú╬ô├▓├│╬ô├╢┬╝Γö£Γòæ╬ô├▓┬╝Γö£Γöñ╬ô├╢┬ú╬ô├▓├╣╬ô├╢┬ú╬ô├╢├▒╬ô├▓┬╝Γö£Γöñ╬ô├╢┬ú╬ô├▓├│╬ô├╢┬╝╬ô├▓┬Ñ╬ô├▓┬╝Γö£Γöñ╬ô├╢┬ú╬ô├╗├┤╬ô├╢┬╝Γö£├ªΓò¼├┤Γö£ΓûôΓö¼Γò¥╬ô├╢┬ú╬ô├╢├▒Γò¼├┤Γö£ΓòóΓö¼├║Γò¼├┤Γö£ΓûôΓö£ΓöéΓò¼├┤Γö£ΓòóΓö¼Γò¥╬ô├╢┬ú╬ô├▓├ªΓò¼├┤Γö£ΓûôΓö¼Γò¥╬ô├╢┬ú╬ô├╢├▒Γò¼├┤Γö£ΓòóΓö¼├║Γò¼├┤Γö£ΓûôΓö£ΓöéΓò¼├┤Γö£ΓòóΓö¼├║Γò¼├┤Γö£ΓòùΓö£├Ñ╬ô├▓┬╝Γö£Γöñ╬ô├╢┬ú╬ô├╗├┤╬ô├╢┬╝╬ô├▓┬ÑΓò¼├┤Γö£ΓòóΓö¼├║Γò¼├┤Γö£ΓòóΓö£ΓûÆ╬ô├▓┬╝Γö£Γöñ╬ô├╢┬ú╬ô├▓├│╬ô├╢┬╝Γö£Γòæ╬ô├▓┬╝Γö£Γöñ╬ô├╢┬ú╬ô├╗├┤╬ô├╢┬ú╬ô├╢├⌐╬ô├▓┬╝Γö£Γöñ╬ô├╢┬ú╬ô├▓├│╬ô├╢┬╝╬ô├▓┬ÑΓò¼├┤Γö£ΓòóΓö¼├║Γò¼├┤Γö£ΓûôΓö£┬¬╬ô├▓┬╝Γö£Γöñ╬ô├╢┬ú╬ô├╗├┤╬ô├╢┬╝╬ô├▓┬ÑΓò¼├┤Γö£ΓòóΓö¼├║Γò¼├┤Γö£ΓòóΓö£ΓûÆ╬ô├▓┬╝Γö£Γöñ╬ô├╢┬ú╬ô├▓├│╬ô├╢┬╝Γö£ΓòæΓò¼├┤Γö£ΓòóΓö¼Γò¥╬ô├╢┬╝╬ô├▓┬ú╬ô├▓┬╝Γö£Γöñ╬ô├╢┬ú╬ô├▓├│╬ô├╢┬╝Γö£ΓòæΓò¼├┤Γö£ΓòóΓö¼├║╬ô├╢┬╝╬ô├▓┬ú╬ô├▓┬╝Γö£Γöñ╬ô├╢┬ú╬ô├╗├┤╬ô├╢┬╝╬ô├▓┬ÑΓò¼├┤Γö£ΓòóΓö¼├║Γò¼├┤Γö£ΓòóΓö£ΓûÆ╬ô├▓┬╝Γö£Γöñ╬ô├╢┬ú╬ô├▓├│╬ô├╢┬╝Γö£Γòæ╬ô├▓┬╝Γö£Γöñ╬ô├╢┬ú╬ô├╗├┤╬ô├╢┬ú╬ô├╢├⌐╬ô├▓┬╝Γö£Γöñ╬ô├╢┬ú╬ô├▓├│╬ô├╢┬╝╬ô├▓┬Ñ╬ô├▓┬╝Γö£Γöñ╬ô├╢┬ú╬ô├╗├┤╬ô├╢┬╝Γö£├ª╬ô├▓┬╝Γö£Γöñ╬ô├╢┬ú╬ô├╗├┤╬ô├╢┬╝╬ô├▓┬ÑΓò¼├┤Γö£ΓòóΓö¼├║Γò¼├┤Γö£ΓòóΓö£ΓûÆ╬ô├▓┬╝Γö£Γöñ╬ô├╢┬ú╬ô├▓├│╬ô├╢┬╝Γö£Γòæ╬ô├▓┬╝Γö£Γöñ╬ô├╢┬ú╬ô├▓├╣╬ô├╢┬ú╬ô├╢├▒╬ô├▓┬╝Γö£Γöñ╬ô├╢┬ú╬ô├▓├│╬ô├╢┬╝Γö£ΓòæΓò¼├┤Γö£ΓòóΓö¼Γò¥╬ô├╢┬╝Γö¼Γò¥ chat messages\r\n4. Post a chat message \r\n5. Leave the chat room gracefully (Logout) without simply closing the browser tab", "assignment_type": "Team", "submission_type": "URL", "total_score": 100.0, "weight": 0.25, "date_created": "2022-07-08T10:16:55Z", "date_released": "2022-07-10T00:00:00Z", "date_due": "2022-07-23T23:59:59Z", "review_assign_policy": "A", "ipsatization_min": 80, "ipsatization_max": 100}}, {"model": "gamification.assignment", "pk": 2, "fields": {"course": 1, "assignment_name": "Chat Room Iteration 2", "description": "Implement a simple FSE Chat Room application. The system should allow a user to perform the following functions:\r\n1. Register for the chat room with a new username (one that does not already exist) and password\r\n2. Enter the chat room (Login) with his/her username and password\r\n3. See other usersΓò¼├┤Γö£ΓûôΓö¼Γò¥╬ô├╢┬ú╬ô├╢├▒Γò¼├┤Γö£ΓòóΓö¼├║Γò¼├┤Γö£ΓòùΓö£ΓöñΓò¼├┤Γö£ΓòóΓö¼Γò¥Γò¼├┤Γö£ΓûôΓö¼├æ╬ô├▓┬╝Γö£Γöñ╬ô├╢┬ú╬ô├▓├│╬ô├╢┬╝Γö£Γòæ╬ô├▓┬╝Γö£Γöñ╬ô├╢┬ú╬ô├▓├│╬ô├╢┬ú╬ô├╗├åΓò¼├┤Γö£ΓûôΓö¼Γò¥╬ô├╢┬ú╬ô├╢├▒Γò¼├┤Γö£ΓòóΓö¼├║Γò¼├┤Γö£ΓûôΓö£ΓöéΓò¼├┤Γö£ΓòóΓö¼Γò¥╬ô├╢┬ú╬ô├▓├ªΓò¼├┤Γö£ΓûôΓö¼Γò¥╬ô├╢┬ú╬ô├╢├▒Γò¼├┤Γö£ΓòóΓö¼├║Γò¼├┤Γö£ΓûôΓö£ΓòúΓò¼├┤Γö£ΓòóΓö¼├║Γò¼├┤Γö£ΓòóΓö£ΓûÆΓò¼├┤Γö£ΓûôΓö¼Γò¥╬ô├╢┬ú╬ô├╢├▒Γò¼├┤Γö£ΓòóΓö¼├║Γò¼├┤Γö£ΓûôΓö£ΓöéΓò¼├┤Γö£ΓòóΓö¼Γò¥Γò¼├┤Γö£ΓûôΓö¼├æΓò¼├┤Γö£ΓûôΓö¼Γò¥╬ô├╢┬ú╬ô├╢├▒Γò¼├┤Γö£ΓòóΓö¼├║Γò¼├┤Γö£ΓòùΓö£ΓöñΓò¼├┤Γö£ΓòóΓö¼Γò¥╬ô├╢┬úΓö£┬¬╬ô├▓┬╝Γö£Γöñ╬ô├╢┬ú╬ô├╗├┤╬ô├╢┬╝╬ô├▓┬ÑΓò¼├┤Γö£ΓòóΓö¼├║Γò¼├┤Γö£ΓòóΓö£ΓûÆ╬ô├▓┬╝Γö£Γöñ╬ô├╢┬ú╬ô├▓├│╬ô├╢┬╝Γö£Γòæ╬ô├▓┬╝Γö£Γöñ╬ô├╢┬ú╬ô├╗├┤╬ô├╢┬ú╬ô├╢├⌐╬ô├▓┬╝Γö£Γöñ╬ô├╢┬ú╬ô├▓├│╬ô├╢┬╝╬ô├▓┬ÑΓò¼├┤Γö£ΓòóΓö¼├║Γò¼├┤Γö£ΓûôΓö£┬¬╬ô├▓┬╝Γö£Γöñ╬ô├╢┬ú╬ô├╗├┤╬ô├╢┬╝╬ô├▓┬ÑΓò¼├┤Γö£ΓòóΓö¼├║Γò¼├┤Γö£ΓòóΓö£ΓûÆ╬ô├▓┬╝Γö£Γöñ╬ô├╢┬ú╬ô├▓├│╬ô├╢┬╝Γö£Γòæ╬ô├▓┬╝Γö£Γöñ╬ô├╢┬ú╬ô├╗├┤╬ô├╢┬ú╬ô├╢├⌐╬ô├▓┬╝Γö£Γöñ╬ô├╢┬ú╬ô├▓├│╬ô├╢┬╝Γö£Γòæ╬ô├▓┬╝Γö£Γöñ╬ô├╢┬ú╬ô├▓├╣╬ô├╢┬úΓö£├æΓò¼├┤Γö£ΓûôΓö¼Γò¥╬ô├╢┬ú╬ô├╢├▒Γò¼├┤Γö£ΓòóΓö¼├║Γò¼├┤Γö£ΓòùΓö£ΓöñΓò¼├┤Γö£ΓòóΓö¼Γò¥Γò¼├┤Γö£ΓûôΓö¼├æ╬ô├▓┬╝Γö£Γöñ╬ô├╢┬ú╬ô├▓├│╬ô├╢┬╝Γö£Γòæ╬ô├▓┬╝Γö£Γöñ╬ô├╢┬ú╬ô├▓├│╬ô├╢┬ú╬ô├╗├åΓò¼├┤Γö£ΓûôΓö¼Γò¥╬ô├╢┬ú╬ô├╢├▒Γò¼├┤Γö£ΓòóΓö¼├║Γò¼├┤Γö£ΓûôΓö£ΓöéΓò¼├┤Γö£ΓòóΓö¼Γò¥╬ô├╢┬ú╬ô├▓├ªΓò¼├┤Γö£ΓûôΓö¼Γò¥╬ô├╢┬ú╬ô├╢├▒Γò¼├┤Γö£ΓòóΓö¼├║Γò¼├┤Γö£ΓòùΓö£ΓöñΓò¼├┤Γö£ΓòóΓö¼├║Γò¼├┤Γö£ΓòóΓö£ΓîÉΓò¼├┤Γö£ΓûôΓö¼Γò¥╬ô├╢┬ú╬ô├╢├▒Γò¼├┤Γö£ΓòóΓö¼├║Γò¼├┤Γö£ΓûôΓö£ΓöéΓò¼├┤Γö£ΓòóΓö¼Γò¥Γò¼├┤Γö£ΓûôΓö¼├æ╬ô├▓┬╝Γö£Γöñ╬ô├╢┬ú╬ô├▓├│╬ô├╢┬╝Γö£Γòæ╬ô├▓┬╝Γö£Γöñ╬ô├╢┬ú╬ô├╗├┤╬ô├╢┬úΓö¼┬¼Γò¼├┤Γö£ΓûôΓö¼Γò¥╬ô├╢┬ú╬ô├╢├▒Γò¼├┤Γö£ΓòóΓö¼├║Γò¼├┤Γö£ΓòùΓö£ΓöñΓò¼├┤Γö£ΓòóΓö¼Γò¥Γò¼├┤Γö£ΓûôΓö¼├æ╬ô├▓┬╝Γö£Γöñ╬ô├╢┬ú╬ô├▓├│╬ô├╢┬╝Γö£Γòæ╬ô├▓┬╝Γö£Γöñ╬ô├╢┬ú╬ô├▓├│╬ô├╢┬ú╬ô├╗├åΓò¼├┤Γö£ΓûôΓö¼Γò¥╬ô├╢┬ú╬ô├╢├▒Γò¼├┤Γö£ΓòóΓö¼├║Γò¼├┤Γö£ΓûôΓö£ΓöéΓò¼├┤Γö£ΓòóΓö¼Γò¥╬ô├╢┬ú╬ô├▓├ªΓò¼├┤Γö£ΓûôΓö¼Γò¥╬ô├╢┬ú╬ô├╢├▒Γò¼├┤Γö£ΓòóΓö¼├║Γò¼├┤Γö£ΓòùΓö£ΓöñΓò¼├┤Γö£ΓòóΓö¼├║Γò¼├┤Γö£ΓûôΓö£ΓòæΓò¼├┤Γö£ΓûôΓö¼Γò¥╬ô├╢┬ú╬ô├╢├▒Γò¼├┤Γö£ΓòóΓö¼├║Γò¼├┤Γö£ΓûôΓö£ΓöéΓò¼├┤Γö£ΓòóΓö¼Γò¥╬ô├╢┬ú╬ô├▓├ªΓò¼├┤Γö£ΓûôΓö¼Γò¥╬ô├╢┬ú╬ô├╢├▒Γò¼├┤Γö£ΓòóΓö¼├║Γò¼├┤Γö£ΓûôΓö£ΓöéΓò¼├┤Γö£ΓòóΓö¼├║Γò¼├┤Γö£ΓòùΓö£├Ñ╬ô├▓┬╝Γö£Γöñ╬ô├╢┬ú╬ô├╗├┤╬ô├╢┬╝╬ô├▓┬ÑΓò¼├┤Γö£ΓòóΓö¼├║Γò¼├┤Γö£ΓòóΓö£ΓûÆ╬ô├▓┬╝Γö£Γöñ╬ô├╢┬ú╬ô├▓├│╬ô├╢┬╝Γö£Γòæ╬ô├▓┬╝Γö£Γöñ╬ô├╢┬ú╬ô├▓├╣╬ô├╢┬ú╬ô├╢├▒╬ô├▓┬╝Γö£Γöñ╬ô├╢┬ú╬ô├▓├│╬ô├╢┬╝╬ô├▓┬Ñ╬ô├▓┬╝Γö£Γöñ╬ô├╢┬ú╬ô├╗├┤╬ô├╢┬╝Γö£├ªΓò¼├┤Γö£ΓûôΓö¼Γò¥╬ô├╢┬ú╬ô├╢├▒Γò¼├┤Γö£ΓòóΓö¼├║Γò¼├┤Γö£ΓûôΓö£ΓöéΓò¼├┤Γö£ΓòóΓö¼Γò¥╬ô├╢┬ú╬ô├▓├ªΓò¼├┤Γö£ΓûôΓö¼Γò¥╬ô├╢┬ú╬ô├╢├▒Γò¼├┤Γö£ΓòóΓö¼├║Γò¼├┤Γö£ΓûôΓö£ΓöéΓò¼├┤Γö£ΓòóΓö¼├║Γò¼├┤Γö£ΓòùΓö£├Ñ╬ô├▓┬╝Γö£Γöñ╬ô├╢┬ú╬ô├╗├┤╬ô├╢┬╝╬ô├▓┬ÑΓò¼├┤Γö£ΓòóΓö¼├║Γò¼├┤Γö£ΓòóΓö£ΓûÆ╬ô├▓┬╝Γö£Γöñ╬ô├╢┬ú╬ô├▓├│╬ô├╢┬╝Γö£Γòæ╬ô├▓┬╝Γö£Γöñ╬ô├╢┬ú╬ô├╗├┤╬ô├╢┬ú╬ô├╢├⌐╬ô├▓┬╝Γö£Γöñ╬ô├╢┬ú╬ô├▓├│╬ô├╢┬╝╬ô├▓┬ÑΓò¼├┤Γö£ΓòóΓö¼├║Γò¼├┤Γö£ΓûôΓö£┬¬╬ô├▓┬╝Γö£Γöñ╬ô├╢┬ú╬ô├╗├┤╬ô├╢┬╝╬ô├▓┬ÑΓò¼├┤Γö£ΓòóΓö¼├║Γò¼├┤Γö£ΓòóΓö£ΓûÆ╬ô├▓┬╝Γö£Γöñ╬ô├╢┬ú╬ô├▓├│╬ô├╢┬╝Γö£ΓòæΓò¼├┤Γö£ΓòóΓö¼Γò¥╬ô├╢┬╝╬ô├▓┬ú╬ô├▓┬╝Γö£Γöñ╬ô├╢┬ú╬ô├▓├│╬ô├╢┬╝Γö£ΓòæΓò¼├┤Γö£ΓòóΓö¼├║╬ô├╢┬╝╬ô├▓┬ú╬ô├▓┬╝Γö£Γöñ╬ô├╢┬ú╬ô├╗├┤╬ô├╢┬╝╬ô├▓┬ÑΓò¼├┤Γö£ΓòóΓö¼├║Γò¼├┤Γö£ΓòóΓö£ΓûÆ╬ô├▓┬╝Γö£Γöñ╬ô├╢┬ú╬ô├▓├│╬ô├╢┬╝Γö£Γòæ╬ô├▓┬╝Γö£Γöñ╬ô├╢┬ú╬ô├╗├┤╬ô├╢┬ú╬ô├╢├⌐╬ô├▓┬╝Γö£Γöñ╬ô├╢┬ú╬ô├▓├│╬ô├╢┬╝╬ô├▓┬Ñ╬ô├▓┬╝Γö£Γöñ╬ô├╢┬ú╬ô├╗├┤╬ô├╢┬╝Γö£├ª╬ô├▓┬╝Γö£Γöñ╬ô├╢┬ú╬ô├╗├┤╬ô├╢┬╝╬ô├▓┬ÑΓò¼├┤Γö£ΓòóΓö¼├║Γò¼├┤Γö£ΓòóΓö£ΓûÆ╬ô├▓┬╝Γö£Γöñ╬ô├╢┬ú╬ô├▓├│╬ô├╢┬╝Γö£Γòæ╬ô├▓┬╝Γö£Γöñ╬ô├╢┬ú╬ô├▓├╣╬ô├╢┬ú╬ô├╢├▒╬ô├▓┬╝Γö£Γöñ╬ô├╢┬ú╬ô├▓├│╬ô├╢┬╝Γö£ΓòæΓò¼├┤Γö£ΓòóΓö¼Γò¥╬ô├╢┬╝Γö¼Γò¥ chat messages\r\n4. Post a chat message \r\n5. Leave the chat room gracefully (Logout) without simply closing the browser tab", "assignment_type": "Team", "submission_type": "URL", "total_score": 100.0, "weight": 0.4, "date_created": "2022-07-08T10:27:49Z", "date_released": "2022-07-24T00:00:00Z", "date_due": "2022-08-07T23:59:59Z", "review_assign_policy": "A", "ipsatization_min": 80, "ipsatization_max": 100}}, {"model": "gamification.assignment", "pk": 3, "fields": {"course": 1, "assignment_name": "Final Exam", "description": "The total point of the final exam is 70, which takes 35% in the final grade. There are a total of 13 Problems and 10 pages in this exam.", "assignment_type": "Individual", "submission_type": "Text", "total_score": 70.0, "weight": 0.35, "date_created": "2022-07-08T10:30:56Z", "date_released": "2022-08-09T00:00:00Z", "date_due": "2022-08-11T23:59:59Z", "review_assign_policy": "A", "ipsatization_min": 80, "ipsatization_max": 100}}, {"model": "gamification.optionchoice", "pk": 1, "fields": {"text": "strongly disagree"}}, {"model": "gamification.optionchoice", "pk": 2, "fields": {"text": "disagree"}}, {"model": "gamification.optionchoice", "pk": 3, "fields": {"text": "neutral"}}, {"model": "gamification.optionchoice", "pk": 4, "fields": {"text": "agree"}}, {"model": "gamification.optionchoice", "pk": 5, "fields": {"text": "strongly agree"}}, {"model": "gamification.optionchoice", "pk": 6, "fields": {"text": ""}}, {"model": "gamification.questionoption", "pk": 1, "fields": {"question": 1, "option_choice": 1, "number_of_text": 1}}, {"model": "gamification.questionoption", "pk": 2, "fields": {"question": 1, "option_choice": 2, "number_of_text": 1}}, {"model": "gamification.questionoption", "pk": 3, "fields": {"question": 1, "option_choice": 3, "number_of_text": 1}}, {"model": "gamification.questionoption", "pk": 4, "fields": {"question": 1, "option_choice": 4, "number_of_text": 1}}, {"model": "gamification.questionoption", "pk": 5, "fields": {"question": 1, "option_choice": 5, "number_of_text": 1}}, {"model": "gamification.questionoption", "pk": 6, "fields": {"question": 2, "option_choice": 1, "number_of_text": 1}}, {"model": "gamification.questionoption", "pk": 7, "fields": {"question": 2, "option_choice": 2, "number_of_text": 1}}, {"model": "gamification.questionoption", "pk": 8, "fields": {"question": 2, "option_choice": 3, "number_of_text": 1}}, {"model": "gamification.questionoption", "pk": 9, "fields": {"question": 2, "option_choice": 4, "number_of_text": 1}}, {"model": "gamification.questionoption", "pk": 10, "fields": {"question": 2, "option_choice": 5, "number_of_text": 1}}, {"model": "gamification.questionoption", "pk": 11, "fields": {"question": 3, "option_choice": 1, "number_of_text": 1}}, {"model": "gamification.questionoption", "pk": 12, "fields": {"question": 3, "option_choice": 2, "number_of_text": 1}}, {"model": "gamification.questionoption", "pk": 13, "fields": {"question": 3, "option_choice": 3, "number_of_text": 1}}, {"model": "gamification.questionoption", "pk": 14, "fields": {"question": 3, "option_choice": 4, "number_of_text": 1}}, {"model": "gamification.questionoption", "pk": 15, "fields": {"question": 3, "option_choice": 5, "number_of_text": 1}}, {"model": "gamification.questionoption", "pk": 16, "fields": {"question": 4, "option_choice": 1, "number_of_text": 1}}, {"model": "gamification.questionoption", "pk": 17, "fields": {"question": 4, "option_choice": 2, "number_of_text": 1}}, {"model": "gamification.questionoption", "pk": 18, "fields": {"question": 4, "option_choice": 3, "number_of_text": 1}}, {"model": "gamification.questionoption", "pk": 19, "fields": {"question": 4, "option_choice": 4, "number_of_text": 1}}, {"model": "gamification.questionoption", "pk": 20, "fields": {"question": 4, "option_choice": 5, "number_of_text": 1}}, {"model": "gamification.questionoption", "pk": 21, "fields": {"question": 5, "option_choice": 1, "number_of_text": 1}}, {"model": "gamification.questionoption", "pk": 22, "fields": {"question": 5, "option_choice": 2, "number_of_text": 1}}, {"model": "gamification.questionoption", "pk": 23, "fields": {"question": 5, "option_choice": 3, "number_of_text": 1}}, {"model": "gamification.questionoption", "pk": 24, "fields": {"question": 5, "option_choice": 4, "number_of_text": 1}}, {"model": "gamification.questionoption", "pk": 25, "fields": {"question": 5, "option_choice": 5, "number_of_text": 1}}, {"model": "gamification.questionoption", "pk": 26, "fields": {"question": 6, "option_choice": 1, "number_of_text": 1}}, {"model": "gamification.questionoption", "pk": 27, "fields": {"question": 6, "option_choice": 2, "number_of_text": 1}}, {"model": "gamification.questionoption", "pk": 28, "fields": {"question": 6, "option_choice": 3, "number_of_text": 1}}, {"model": "gamification.questionoption", "pk": 29, "fields": {"question": 6, "option_choice": 4, "number_of_text": 1}}, {"model": "gamification.questionoption", "pk": 30, "fields": {"question": 6, "option_choice": 5, "number_of_text": 1}}, {"model": "gamification.questionoption", "pk": 31, "fields": {"question": 7, "option_choice": 1, "number_of_text": 1}}, {"model": "gamification.questionoption", "pk": 32, "fields": {"question": 7, "option_choice": 2, "number_of_text": 1}}, {"model": "gamification.questionoption", "pk": 33, "fields": {"question": 7, "option_choice": 3, "number_of_text": 1}}, {"model": "gamification.questionoption", "pk": 34, "fields": {"question": 7, "option_choice": 4, "number_of_text": 1}}, {"model": "gamification.questionoption", "pk": 35, "fields": {"question": 7, "option_choice": 5, "number_of_text": 1}}, {"model": "gamification.questionoption", "pk": 36, "fields": {"question": 10, "option_choice": 1, "number_of_text": 1}}, {"model": "gamification.questionoption", "pk": 37, "fields": {"question": 10, "option_choice": 2, "number_of_text": 1}}, {"model": "gamification.questionoption", "pk": 38, "fields": {"question": 10, "option_choice": 3, "number_of_text": 1}}, {"model": "gamification.questionoption", "pk": 39, "fields": {"question": 10, "option_choice": 4, "number_of_text": 1}}, {"model": "gamification.questionoption", "pk": 40, "fields": {"question": 10, "option_choice": 5, "number_of_text": 1}}, {"model": "gamification.questionoption", "pk": 41, "fields": {"question": 11, "option_choice": 1, "number_of_text": 1}}, {"model": "gamification.questionoption", "pk": 42, "fields": {"question": 11, "option_choice": 2, "number_of_text": 1}}, {"model": "gamification.questionoption", "pk": 43, "fields": {"question": 11, "option_choice": 3, "number_of_text": 1}}, {"model": "gamification.questionoption", "pk": 44, "fields": {"question": 11, "option_choice": 4, "number_of_text": 1}}, {"model": "gamification.questionoption", "pk": 45, "fields": {"question": 11, "option_choice": 5, "number_of_text": 1}}, {"model": "gamification.questionoption", "pk": 46, "fields": {"question": 12, "option_choice": 1, "number_of_text": 1}}, {"model": "gamification.questionoption", "pk": 47, "fields": {"question": 12, "option_choice": 2, "number_of_text": 1}}, {"model": "gamification.questionoption", "pk": 48, "fields": {"question": 12, "option_choice": 3, "number_of_text": 1}}, {"model": "gamification.questionoption", "pk": 49, "fields": {"question": 12, "option_choice": 4, "number_of_text": 1}}, {"model": "gamification.questionoption", "pk": 50, "fields": {"question": 12, "option_choice": 5, "number_of_text": 1}}, {"model": "gamification.questionoption", "pk": 51, "fields": {"question": 13, "option_choice": 1, "number_of_text": 1}}, {"model": "gamification.questionoption", "pk": 52, "fields": {"question": 13, "option_choice": 2, "number_of_text": 1}}, {"model": "gamification.questionoption", "pk": 53, "fields": {"question": 13, "option_choice": 3, "number_of_text": 1}}, {"model": "gamification.questionoption", "pk": 54, "fields": {"question": 13, "option_choice": 4, "number_of_text": 1}}, {"model": "gamification.questionoption", "pk": 55, "fields": {"question": 13, "option_choice": 5, "number_of_text": 1}}, {"model": "gamification.questionoption", "pk": 56, "fields": {"question": 14, "option_choice": 1, "number_of_text": 1}}, {"model": "gamification.questionoption", "pk": 57, "fields": {"question": 14, "option_choice": 2, "number_of_text": 1}}, {"model": "gamification.questionoption", "pk": 58, "fields": {"question": 14, "option_choice": 3, "number_of_text": 1}}, {"model": "gamification.questionoption", "pk": 59, "fields": {"question": 14, "option_choice": 4, "number_of_text": 1}}, {"model": "gamification.questionoption", "pk": 60, "fields": {"question": 14, "option_choice": 5, "number_of_text": 1}}, {"model": "gamification.questionoption", "pk": 61, "fields": {"question": 15, "option_choice": 1, "number_of_text": 1}}, {"model": "gamification.questionoption", "pk": 62, "fields": {"question": 15, "option_choice": 2, "number_of_text": 1}}, {"model": "gamification.questionoption", "pk": 63, "fields": {"question": 15, "option_choice": 3, "number_of_text": 1}}, {"model": "gamification.questionoption", "pk": 64, "fields": {"question": 15, "option_choice": 4, "number_of_text": 1}}, {"model": "gamification.questionoption", "pk": 65, "fields": {"question": 15, "option_choice": 5, "number_of_text": 1}}, {"model": "gamification.questionoption", "pk": 66, "fields": {"question": 16, "option_choice": 1, "number_of_text": 1}}, {"model": "gamification.questionoption", "pk": 67, "fields": {"question": 16, "option_choice": 2, "number_of_text": 1}}, {"model": "gamification.questionoption", "pk": 68, "fields": {"question": 16, "option_choice": 3, "number_of_text": 1}}, {"model": "gamification.questionoption", "pk": 69, "fields": {"question": 16, "option_choice": 4, "number_of_text": 1}}, {"model": "gamification.questionoption", "pk": 70, "fields": {"question": 16, "option_choice": 5, "number_of_text": 1}}, {"model": "gamification.questionoption", "pk": 71, "fields": {"question": 17, "option_choice": 1, "number_of_text": 1}}, {"model": "gamification.questionoption", "pk": 72, "fields": {"question": 17, "option_choice": 2, "number_of_text": 1}}, {"model": "gamification.questionoption", "pk": 73, "fields": {"question": 17, "option_choice": 3, "number_of_text": 1}}, {"model": "gamification.questionoption", "pk": 74, "fields": {"question": 17, "option_choice": 4, "number_of_text": 1}}, {"model": "gamification.questionoption", "pk": 75, "fields": {"question": 17, "option_choice": 5, "number_of_text": 1}}, {"model": "gamification.questionoption", "pk": 76, "fields": {"question": 18, "option_choice": 1, "number_of_text": 1}}, {"model": "gamification.questionoption", "pk": 77, "fields": {"question": 18, "option_choice": 2, "number_of_text": 1}}, {"model": "gamification.questionoption", "pk": 78, "fields": {"question": 18, "option_choice": 3, "number_of_text": 1}}, {"model": "gamification.questionoption", "pk": 79, "fields": {"question": 18, "option_choice": 4, "number_of_text": 1}}, {"model": "gamification.questionoption", "pk": 80, "fields": {"question": 18, "option_choice": 5, "number_of_text": 1}}, {"model": "gamification.questionoption", "pk": 81, "fields": {"question": 19, "option_choice": 1, "number_of_text": 1}}, {"model": "gamification.questionoption", "pk": 82, "fields": {"question": 19, "option_choice": 2, "number_of_text": 1}}, {"model": "gamification.questionoption", "pk": 83, "fields": {"question": 19, "option_choice": 3, "number_of_text": 1}}, {"model": "gamification.questionoption", "pk": 84, "fields": {"question": 19, "option_choice": 4, "number_of_text": 1}}, {"model": "gamification.questionoption", "pk": 85, "fields": {"question": 19, "option_choice": 5, "number_of_text": 1}}, {"model": "gamification.questionoption", "pk": 86, "fields": {"question": 20, "option_choice": 1, "number_of_text": 1}}, {"model": "gamification.questionoption", "pk": 87, "fields": {"question": 20, "option_choice": 2, "number_of_text": 1}}, {"model": "gamification.questionoption", "pk": 88, "fields": {"question": 20, "option_choice": 3, "number_of_text": 1}}, {"model": "gamification.questionoption", "pk": 89, "fields": {"question": 20, "option_choice": 4, "number_of_text": 1}}, {"model": "gamification.questionoption", "pk": 90, "fields": {"question": 20, "option_choice": 5, "number_of_text": 1}}, {"model": "gamification.questionoption", "pk": 91, "fields": {"question": 21, "option_choice": 1, "number_of_text": 1}}, {"model": "gamification.questionoption", "pk": 92, "fields": {"question": 21, "option_choice": 2, "number_of_text": 1}}, {"model": "gamification.questionoption", "pk": 93, "fields": {"question": 21, "option_choice": 3, "number_of_text": 1}}, {"model": "gamification.questionoption", "pk": 94, "fields": {"question": 21, "option_choice": 4, "number_of_text": 1}}, {"model": "gamification.questionoption", "pk": 95, "fields": {"question": 21, "option_choice": 5, "number_of_text": 1}}, {"model": "gamification.questionoption", "pk": 96, "fields": {"question": 22, "option_choice": 1, "number_of_text": 1}}, {"model": "gamification.questionoption", "pk": 97, "fields": {"question": 22, "option_choice": 2, "number_of_text": 1}}, {"model": "gamification.questionoption", "pk": 98, "fields": {"question": 22, "option_choice": 3, "number_of_text": 1}}, {"model": "gamification.questionoption", "pk": 99, "fields": {"question": 22, "option_choice": 4, "number_of_text": 1}}, {"model": "gamification.questionoption", "pk": 100, "fields": {"question": 22, "option_choice": 5, "number_of_text": 1}}, {"model": "gamification.questionoption", "pk": 101, "fields": {"question": 23, "option_choice": 1, "number_of_text": 1}}, {"model": "gamification.questionoption", "pk": 102, "fields": {"question": 23, "option_choice": 2, "number_of_text": 1}}, {"model": "gamification.questionoption", "pk": 103, "fields": {"question": 23, "option_choice": 3, "number_of_text": 1}}, {"model": "gamification.questionoption", "pk": 104, "fields": {"question": 23, "option_choice": 4, "number_of_text": 1}}, {"model": "gamification.questionoption", "pk": 105, "fields": {"question": 23, "option_choice": 5, "number_of_text": 1}}, {"model": "gamification.questionoption", "pk": 106, "fields": {"question": 24, "option_choice": 1, "number_of_text": 1}}, {"model": "gamification.questionoption", "pk": 107, "fields": {"question": 24, "option_choice": 2, "number_of_text": 1}}, {"model": "gamification.questionoption", "pk": 108, "fields": {"question": 24, "option_choice": 3, "number_of_text": 1}}, {"model": "gamification.questionoption", "pk": 109, "fields": {"question": 24, "option_choice": 4, "number_of_text": 1}}, {"model": "gamification.questionoption", "pk": 110, "fields": {"question": 24, "option_choice": 5, "number_of_text": 1}}, {"model": "gamification.questionoption", "pk": 111, "fields": {"question": 25, "option_choice": 1, "number_of_text": 1}}, {"model": "gamification.questionoption", "pk": 112, "fields": {"question": 25, "option_choice": 2, "number_of_text": 1}}, {"model": "gamification.questionoption", "pk": 113, "fields": {"question": 25, "option_choice": 3, "number_of_text": 1}}, {"model": "gamification.questionoption", "pk": 114, "fields": {"question": 25, "option_choice": 4, "number_of_text": 1}}, {"model": "gamification.questionoption", "pk": 115, "fields": {"question": 25, "option_choice": 5, "number_of_text": 1}}, {"model": "gamification.questionoption", "pk": 116, "fields": {"question": 26, "option_choice": 1, "number_of_text": 1}}, {"model": "gamification.questionoption", "pk": 117, "fields": {"question": 26, "option_choice": 2, "number_of_text": 1}}, {"model": "gamification.questionoption", "pk": 118, "fields": {"question": 26, "option_choice": 3, "number_of_text": 1}}, {"model": "gamification.questionoption", "pk": 119, "fields": {"question": 26, "option_choice": 4, "number_of_text": 1}}, {"model": "gamification.questionoption", "pk": 120, "fields": {"question": 26, "option_choice": 5, "number_of_text": 1}}, {"model": "gamification.questionoption", "pk": 121, "fields": {"question": 27, "option_choice": 1, "number_of_text": 1}}, {"model": "gamification.questionoption", "pk": 122, "fields": {"question": 27, "option_choice": 2, "number_of_text": 1}}, {"model": "gamification.questionoption", "pk": 123, "fields": {"question": 27, "option_choice": 3, "number_of_text": 1}}, {"model": "gamification.questionoption", "pk": 124, "fields": {"question": 27, "option_choice": 4, "number_of_text": 1}}, {"model": "gamification.questionoption", "pk": 125, "fields": {"question": 27, "option_choice": 5, "number_of_text": 1}}, {"model": "gamification.questionoption", "pk": 126, "fields": {"question": 28, "option_choice": 1, "number_of_text": 1}}, {"model": "gamification.questionoption", "pk": 127, "fields": {"question": 28, "option_choice": 2, "number_of_text": 1}}, {"model": "gamification.questionoption", "pk": 128, "fields": {"question": 28, "option_choice": 3, "number_of_text": 1}}, {"model": "gamification.questionoption", "pk": 129, "fields": {"question": 28, "option_choice": 4, "number_of_text": 1}}, {"model": "gamification.questionoption", "pk": 130, "fields": {"question": 28, "option_choice": 5, "number_of_text": 1}}, {"model": "gamification.questionoption", "pk": 131, "fields": {"question": 29, "option_choice": 1, "number_of_text": 1}}, {"model": "gamification.questionoption", "pk": 132, "fields": {"question": 29, "option_choice": 2, "number_of_text": 1}}, {"model": "gamification.questionoption", "pk": 133, "fields": {"question": 29, "option_choice": 3, "number_of_text": 1}}, {"model": "gamification.questionoption", "pk": 134, "fields": {"question": 29, "option_choice": 4, "number_of_text": 1}}, {"model": "gamification.questionoption", "pk": 135, "fields": {"question": 29, "option_choice": 5, "number_of_text": 1}}, {"model": "gamification.questionoption", "pk": 136, "fields": {"question": 31, "option_choice": 6, "number_of_text": 3}}, {"model": "gamification.questionoption", "pk": 137, "fields": {"question": 32, "option_choice": 6, "number_of_text": 3}}, {"model": "gamification.questionoption", "pk": 138, "fields": {"question": 33, "option_choice": 6, "number_of_text": 2}}, {"model": "gamification.questionoption", "pk": 139, "fields": {"question": 30, "option_choice": 6, "number_of_text": 1}}, {"model": "gamification.questionoption", "pk": 140, "fields": {"question": 34, "option_choice": 6, "number_of_text": 1}}, {"model": "gamification.questionoption", "pk": 141, "fields": {"question": 35, "option_choice": 6, "number_of_text": 1}}, {"model": "gamification.questionoption", "pk": 142, "fields": {"question": 36, "option_choice": 6, "number_of_text": 1}}, {"model": "gamification.questionoption", "pk": 143, "fields": {"question": 37, "option_choice": 6, "number_of_text": 1}}, {"model": "gamification.questionoption", "pk": 144, "fields": {"question": 38, "option_choice": 6, "number_of_text": 1}}, {"model": "gamification.questionoption", "pk": 145, "fields": {"question": 39, "option_choice": 6, "number_of_text": 1}}, {"model": "gamification.questionoption", "pk": 146, "fields": {"question": 40, "option_choice": 1, "number_of_text": 1}}, {"model": "gamification.questionoption", "pk": 147, "fields": {"question": 40, "option_choice": 2, "number_of_text": 1}}, {"model": "gamification.questionoption", "pk": 148, "fields": {"question": 40, "option_choice": 3, "number_of_text": 1}}, {"model": "gamification.questionoption", "pk": 149, "fields": {"question": 40, "option_choice": 4, "number_of_text": 1}}, {"model": "gamification.questionoption", "pk": 150, "fields": {"question": 40, "option_choice": 5, "number_of_text": 1}}, {"model": "gamification.questionoption", "pk": 151, "fields": {"question": 41, "option_choice": 1, "number_of_text": 1}}, {"model": "gamification.questionoption", "pk": 152, "fields": {"question": 41, "option_choice": 2, "number_of_text": 1}}, {"model": "gamification.questionoption", "pk": 153, "fields": {"question": 41, "option_choice": 3, "number_of_text": 1}}, {"model": "gamification.questionoption", "pk": 154, "fields": {"question": 41, "option_choice": 4, "number_of_text": 1}}, {"model": "gamification.questionoption", "pk": 155, "fields": {"question": 41, "option_choice": 5, "number_of_text": 1}}, {"model": "gamification.questionoption", "pk": 156, "fields": {"question": 42, "option_choice": 1, "number_of_text": 1}}, {"model": "gamification.questionoption", "pk": 157, "fields": {"question": 42, "option_choice": 2, "number_of_text": 1}}, {"model": "gamification.questionoption", "pk": 158, "fields": {"question": 42, "option_choice": 3, "number_of_text": 1}}, {"model": "gamification.questionoption", "pk": 159, "fields": {"question": 42, "option_choice": 4, "number_of_text": 1}}, {"model": "gamification.questionoption", "pk": 160, "fields": {"question": 42, "option_choice": 5, "number_of_text": 1}}, {"model": "gamification.questionoption", "pk": 161, "fields": {"question": 43, "option_choice": 1, "number_of_text": 1}}, {"model": "gamification.questionoption", "pk": 162, "fields": {"question": 43, "option_choice": 2, "number_of_text": 1}}, {"model": "gamification.questionoption", "pk": 163, "fields": {"question": 43, "option_choice": 3, "number_of_text": 1}}, {"model": "gamification.questionoption", "pk": 164, "fields": {"question": 43, "option_choice": 4, "number_of_text": 1}}, {"model": "gamification.questionoption", "pk": 165, "fields": {"question": 43, "option_choice": 5, "number_of_text": 1}}, {"model": "gamification.questionoption", "pk": 166, "fields": {"question": 44, "option_choice": 1, "number_of_text": 1}}, {"model": "gamification.questionoption", "pk": 167, "fields": {"question": 44, "option_choice": 2, "number_of_text": 1}}, {"model": "gamification.questionoption", "pk": 168, "fields": {"question": 44, "option_choice": 3, "number_of_text": 1}}, {"model": "gamification.questionoption", "pk": 169, "fields": {"question": 44, "option_choice": 4, "number_of_text": 1}}, {"model": "gamification.questionoption", "pk": 170, "fields": {"question": 44, "option_choice": 5, "number_of_text": 1}}, {"model": "gamification.questionoption", "pk": 171, "fields": {"question": 45, "option_choice": 1, "number_of_text": 1}}, {"model": "gamification.questionoption", "pk": 172, "fields": {"question": 45, "option_choice": 2, "number_of_text": 1}}, {"model": "gamification.questionoption", "pk": 173, "fields": {"question": 45, "option_choice": 3, "number_of_text": 1}}, {"model": "gamification.questionoption", "pk": 174, "fields": {"question": 45, "option_choice": 4, "number_of_text": 1}}, {"model": "gamification.questionoption", "pk": 175, "fields": {"question": 45, "option_choice": 5, "number_of_text": 1}}, {"model": "gamification.questionoption", "pk": 176, "fields": {"question": 46, "option_choice": 1, "number_of_text": 1}}, {"model": "gamification.questionoption", "pk": 177, "fields": {"question": 46, "option_choice": 2, "number_of_text": 1}}, {"model": "gamification.questionoption", "pk": 178, "fields": {"question": 46, "option_choice": 3, "number_of_text": 1}}, {"model": "gamification.questionoption", "pk": 179, "fields": {"question": 46, "option_choice": 4, "number_of_text": 1}}, {"model": "gamification.questionoption", "pk": 180, "fields": {"question": 46, "option_choice": 5, "number_of_text": 1}}, {"model": "gamification.questionoption", "pk": 181, "fields": {"question": 47, "option_choice": 1, "number_of_text": 1}}, {"model": "gamification.questionoption", "pk": 182, "fields": {"question": 47, "option_choice": 2, "number_of_text": 1}}, {"model": "gamification.questionoption", "pk": 183, "fields": {"question": 47, "option_choice": 3, "number_of_text": 1}}, {"model": "gamification.questionoption", "pk": 184, "fields": {"question": 47, "option_choice": 4, "number_of_text": 1}}, {"model": "gamification.questionoption", "pk": 185, "fields": {"question": 47, "option_choice": 5, "number_of_text": 1}}, {"model": "gamification.questionoption", "pk": 186, "fields": {"question": 48, "option_choice": 1, "number_of_text": 1}}, {"model": "gamification.questionoption", "pk": 187, "fields": {"question": 48, "option_choice": 2, "number_of_text": 1}}, {"model": "gamification.questionoption", "pk": 188, "fields": {"question": 48, "option_choice": 3, "number_of_text": 1}}, {"model": "gamification.questionoption", "pk": 189, "fields": {"question": 48, "option_choice": 4, "number_of_text": 1}}, {"model": "gamification.questionoption", "pk": 190, "fields": {"question": 48, "option_choice": 5, "number_of_text": 1}}, {"model": "gamification.questionoption", "pk": 191, "fields": {"question": 49, "option_choice": 1, "number_of_text": 1}}, {"model": "gamification.questionoption", "pk": 192, "fields": {"question": 49, "option_choice": 2, "number_of_text": 1}}, {"model": "gamification.questionoption", "pk": 193, "fields": {"question": 49, "option_choice": 3, "number_of_text": 1}}, {"model": "gamification.questionoption", "pk": 194, "fields": {"question": 49, "option_choice": 4, "number_of_text": 1}}, {"model": "gamification.questionoption", "pk": 195, "fields": {"question": 49, "option_choice": 5, "number_of_text": 1}}, {"model": "gamification.questionoption", "pk": 196, "fields": {"question": 50, "option_choice": 1, "number_of_text": 1}}, {"model": "gamification.questionoption", "pk": 197, "fields": {"question": 50, "option_choice": 2, "number_of_text": 1}}, {"model": "gamification.questionoption", "pk": 198, "fields": {"question": 50, "option_choice": 3, "number_of_text": 1}}, {"model": "gamification.questionoption", "pk": 199, "fields": {"question": 50, "option_choice": 4, "number_of_text": 1}}, {"model": "gamification.questionoption", "pk": 200, "fields": {"question": 50, "option_choice": 5, "number_of_text": 1}}, {"model": "gamification.questionoption", "pk": 201, "fields": {"question": 51, "option_choice": 1, "number_of_text": 1}}, {"model": "gamification.questionoption", "pk": 202, "fields": {"question": 51, "option_choice": 2, "number_of_text": 1}}, {"model": "gamification.questionoption", "pk": 203, "fields": {"question": 51, "option_choice": 3, "number_of_text": 1}}, {"model": "gamification.questionoption", "pk": 204, "fields": {"question": 51, "option_choice": 4, "number_of_text": 1}}, {"model": "gamification.questionoption", "pk": 205, "fields": {"question": 51, "option_choice": 5, "number_of_text": 1}}, {"model": "gamification.questionoption", "pk": 206, "fields": {"question": 52, "option_choice": 1, "number_of_text": 1}}, {"model": "gamification.questionoption", "pk": 207, "fields": {"question": 52, "option_choice": 2, "number_of_text": 1}}, {"model": "gamification.questionoption", "pk": 208, "fields": {"question": 52, "option_choice": 3, "number_of_text": 1}}, {"model": "gamification.questionoption", "pk": 209, "fields": {"question": 52, "option_choice": 4, "number_of_text": 1}}, {"model": "gamification.questionoption", "pk": 210, "fields": {"question": 52, "option_choice": 5, "number_of_text": 1}}, {"model": "gamification.questionoption", "pk": 211, "fields": {"question": 53, "option_choice": 1, "number_of_text": 1}}, {"model": "gamification.questionoption", "pk": 212, "fields": {"question": 53, "option_choice": 2, "number_of_text": 1}}, {"model": "gamification.questionoption", "pk": 213, "fields": {"question": 53, "option_choice": 3, "number_of_text": 1}}, {"model": "gamification.questionoption", "pk": 214, "fields": {"question": 53, "option_choice": 4, "number_of_text": 1}}, {"model": "gamification.questionoption", "pk": 215, "fields": {"question": 53, "option_choice": 5, "number_of_text": 1}}, {"model": "gamification.questionoption", "pk": 216, "fields": {"question": 54, "option_choice": 1, "number_of_text": 1}}, {"model": "gamification.questionoption", "pk": 217, "fields": {"question": 54, "option_choice": 2, "number_of_text": 1}}, {"model": "gamification.questionoption", "pk": 218, "fields": {"question": 54, "option_choice": 3, "number_of_text": 1}}, {"model": "gamification.questionoption", "pk": 219, "fields": {"question": 54, "option_choice": 4, "number_of_text": 1}}, {"model": "gamification.questionoption", "pk": 220, "fields": {"question": 54, "option_choice": 5, "number_of_text": 1}}, {"model": "gamification.questionoption", "pk": 221, "fields": {"question": 55, "option_choice": 1, "number_of_text": 1}}, {"model": "gamification.questionoption", "pk": 222, "fields": {"question": 55, "option_choice": 2, "number_of_text": 1}}, {"model": "gamification.questionoption", "pk": 223, "fields": {"question": 55, "option_choice": 3, "number_of_text": 1}}, {"model": "gamification.questionoption", "pk": 224, "fields": {"question": 55, "option_choice": 4, "number_of_text": 1}}, {"model": "gamification.questionoption", "pk": 225, "fields": {"question": 55, "option_choice": 5, "number_of_text": 1}}, {"model": "gamification.questionoption", "pk": 226, "fields": {"question": 56, "option_choice": 1, "number_of_text": 1}}, {"model": "gamification.questionoption", "pk": 227, "fields": {"question": 56, "option_choice": 2, "number_of_text": 1}}, {"model": "gamification.questionoption", "pk": 228, "fields": {"question": 56, "option_choice": 3, "number_of_text": 1}}, {"model": "gamification.questionoption", "pk": 229, "fields": {"question": 56, "option_choice": 4, "number_of_text": 1}}, {"model": "gamification.questionoption", "pk": 230, "fields": {"question": 56, "option_choice": 5, "number_of_text": 1}}, {"model": "gamification.questionoption", "pk": 231, "fields": {"question": 57, "option_choice": 1, "number_of_text": 1}}, {"model": "gamification.questionoption", "pk": 232, "fields": {"question": 57, "option_choice": 2, "number_of_text": 1}}, {"model": "gamification.questionoption", "pk": 233, "fields": {"question": 57, "option_choice": 3, "number_of_text": 1}}, {"model": "gamification.questionoption", "pk": 234, "fields": {"question": 57, "option_choice": 4, "number_of_text": 1}}, {"model": "gamification.questionoption", "pk": 235, "fields": {"question": 57, "option_choice": 5, "number_of_text": 1}}, {"model": "gamification.questionoption", "pk": 236, "fields": {"question": 58, "option_choice": 1, "number_of_text": 1}}, {"model": "gamification.questionoption", "pk": 237, "fields": {"question": 58, "option_choice": 2, "number_of_text": 1}}, {"model": "gamification.questionoption", "pk": 238, "fields": {"question": 58, "option_choice": 3, "number_of_text": 1}}, {"model": "gamification.questionoption", "pk": 239, "fields": {"question": 58, "option_choice": 4, "number_of_text": 1}}, {"model": "gamification.questionoption", "pk": 240, "fields": {"question": 58, "option_choice": 5, "number_of_text": 1}}, {"model": "gamification.questionoption", "pk": 241, "fields": {"question": 59, "option_choice": 1, "number_of_text": 1}}, {"model": "gamification.questionoption", "pk": 242, "fields": {"question": 59, "option_choice": 2, "number_of_text": 1}}, {"model": "gamification.questionoption", "pk": 243, "fields": {"question": 59, "option_choice": 3, "number_of_text": 1}}, {"model": "gamification.questionoption", "pk": 244, "fields": {"question": 59, "option_choice": 4, "number_of_text": 1}}, {"model": "gamification.questionoption", "pk": 245, "fields": {"question": 59, "option_choice": 5, "number_of_text": 1}}, {"model": "gamification.questionoption", "pk": 246, "fields": {"question": 60, "option_choice": 1, "number_of_text": 1}}, {"model": "gamification.questionoption", "pk": 247, "fields": {"question": 60, "option_choice": 2, "number_of_text": 1}}, {"model": "gamification.questionoption", "pk": 248, "fields": {"question": 60, "option_choice": 3, "number_of_text": 1}}, {"model": "gamification.questionoption", "pk": 249, "fields": {"question": 60, "option_choice": 4, "number_of_text": 1}}, {"model": "gamification.questionoption", "pk": 250, "fields": {"question": 60, "option_choice": 5, "number_of_text": 1}}, {"model": "gamification.questionoption", "pk": 251, "fields": {"question": 61, "option_choice": 1, "number_of_text": 1}}, {"model": "gamification.questionoption", "pk": 252, "fields": {"question": 61, "option_choice": 2, "number_of_text": 1}}, {"model": "gamification.questionoption", "pk": 253, "fields": {"question": 61, "option_choice": 3, "number_of_text": 1}}, {"model": "gamification.questionoption", "pk": 254, "fields": {"question": 61, "option_choice": 4, "number_of_text": 1}}, {"model": "gamification.questionoption", "pk": 255, "fields": {"question": 61, "option_choice": 5, "number_of_text": 1}}, {"model": "gamification.questionoption", "pk": 256, "fields": {"question": 62, "option_choice": 1, "number_of_text": 1}}, {"model": "gamification.questionoption", "pk": 257, "fields": {"question": 62, "option_choice": 2, "number_of_text": 1}}, {"model": "gamification.questionoption", "pk": 258, "fields": {"question": 62, "option_choice": 3, "number_of_text": 1}}, {"model": "gamification.questionoption", "pk": 259, "fields": {"question": 62, "option_choice": 4, "number_of_text": 1}}, {"model": "gamification.questionoption", "pk": 260, "fields": {"question": 62, "option_choice": 5, "number_of_text": 1}}, {"model": "gamification.questionoption", "pk": 261, "fields": {"question": 63, "option_choice": 1, "number_of_text": 1}}, {"model": "gamification.questionoption", "pk": 262, "fields": {"question": 63, "option_choice": 2, "number_of_text": 1}}, {"model": "gamification.questionoption", "pk": 263, "fields": {"question": 63, "option_choice": 3, "number_of_text": 1}}, {"model": "gamification.questionoption", "pk": 264, "fields": {"question": 63, "option_choice": 4, "number_of_text": 1}}, {"model": "gamification.questionoption", "pk": 265, "fields": {"question": 63, "option_choice": 5, "number_of_text": 1}}, {"model": "gamification.questionoption", "pk": 266, "fields": {"question": 64, "option_choice": 1, "number_of_text": 1}}, {"model": "gamification.questionoption", "pk": 267, "fields": {"question": 64, "option_choice": 2, "number_of_text": 1}}, {"model": "gamification.questionoption", "pk": 268, "fields": {"question": 64, "option_choice": 3, "number_of_text": 1}}, {"model": "gamification.questionoption", "pk": 269, "fields": {"question": 64, "option_choice": 4, "number_of_text": 1}}, {"model": "gamification.questionoption", "pk": 270, "fields": {"question": 64, "option_choice": 5, "number_of_text": 1}}, {"model": "gamification.questionoption", "pk": 271, "fields": {"question": 65, "option_choice": 1, "number_of_text": 1}}, {"model": "gamification.questionoption", "pk": 272, "fields": {"question": 65, "option_choice": 2, "number_of_text": 1}}, {"model": "gamification.questionoption", "pk": 273, "fields": {"question": 65, "option_choice": 3, "number_of_text": 1}}, {"model": "gamification.questionoption", "pk": 274, "fields": {"question": 65, "option_choice": 4, "number_of_text": 1}}, {"model": "gamification.questionoption", "pk": 275, "fields": {"question": 65, "option_choice": 5, "number_of_text": 1}}, {"model": "gamification.questionoption", "pk": 276, "fields": {"question": 66, "option_choice": 1, "number_of_text": 1}}, {"model": "gamification.questionoption", "pk": 277, "fields": {"question": 66, "option_choice": 2, "number_of_text": 1}}, {"model": "gamification.questionoption", "pk": 278, "fields": {"question": 66, "option_choice": 3, "number_of_text": 1}}, {"model": "gamification.questionoption", "pk": 279, "fields": {"question": 66, "option_choice": 4, "number_of_text": 1}}, {"model": "gamification.questionoption", "pk": 280, "fields": {"question": 66, "option_choice": 5, "number_of_text": 1}}, {"model": "gamification.questionoption", "pk": 281, "fields": {"question": 67, "option_choice": 6, "number_of_text": 1}}, {"model": "gamification.questionoption", "pk": 282, "fields": {"question": 68, "option_choice": 6, "number_of_text": 1}}, {"model": "gamification.questionoption", "pk": 283, "fields": {"question": 69, "option_choice": 6, "number_of_text": 1}}, {"model": "gamification.questionoption", "pk": 284, "fields": {"question": 70, "option_choice": 6, "number_of_text": 1}}, {"model": "gamification.questionoption", "pk": 285, "fields": {"question": 71, "option_choice": 6, "number_of_text": 1}}, {"model": "gamification.questionoption", "pk": 286, "fields": {"question": 72, "option_choice": 6, "number_of_text": 1}}, {"model": "gamification.questionoption", "pk": 287, "fields": {"question": 73, "option_choice": 6, "number_of_text": 3}}, {"model": "gamification.questionoption", "pk": 288, "fields": {"question": 74, "option_choice": 6, "number_of_text": 3}}, {"model": "gamification.questionoption", "pk": 289, "fields": {"question": 75, "option_choice": 6, "number_of_text": 2}}, {"model": "gamification.questionoption", "pk": 290, "fields": {"question": 76, "option_choice": 6, "number_of_text": 1}}, {"model": "gamification.question", "pk": 1, "fields": {"section": 1, "text": "The title of the presentation was clear.", "is_required": true, "is_multiple": false, "is_template": true, "dependent_question": null, "question_type": "MULTIPLECHOICE", "number_of_scale": 5}}, {"model": "gamification.question", "pk": 2, "fields": {"section": 1, "text": "The title reflected well the content of the presentation.", "is_required": true, "is_multiple": false, "is_template": true, "dependent_question": null, "question_type": "MULTIPLECHOICE", "number_of_scale": 5}}, {"model": "gamification.question", "pk": 3, "fields": {"section": 2, "text": "The main problem (research question/goal) was stated explicitly.", "is_required": true, "is_multiple": false, "is_template": true, "dependent_question": null, "question_type": "MULTIPLECHOICE", "number_of_scale": 5}}, {"model": "gamification.question", "pk": 4, "fields": {"section": 2, "text": "The main problem (research question/goal) was clearly explained, with the current audience in mind.", "is_required": true, "is_multiple": false, "is_template": true, "dependent_question": null, "question_type": "MULTIPLECHOICE", "number_of_scale": 5}}, {"model": "gamification.question", "pk": 5, "fields": {"section": 2, "text": "I understood the SE problem.", "is_required": true, "is_multiple": false, "is_template": true, "dependent_question": null, "question_type": "MULTIPLECHOICE", "number_of_scale": 5}}, {"model": "gamification.question", "pk": 6, "fields": {"section": 2, "text": "I understood the relevance of addressing the problem.", "is_required": true, "is_multiple": false, "is_template": true, "dependent_question": null, "question_type": "MULTIPLECHOICE", "number_of_scale": 5}}, {"model": "gamification.question", "pk": 7, "fields": {"section": 2, "text": "I found the probleml interesting.", "is_required": true, "is_multiple": false, "is_template": true, "dependent_question": null, "question_type": "MULTIPLECHOICE", "number_of_scale": 5}}, {"model": "gamification.question", "pk": 10, "fields": {"section": 3, "text": "It was clearly stated.", "is_required": true, "is_multiple": false, "is_template": true, "dependent_question": null, "question_type": "MULTIPLECHOICE", "number_of_scale": 5}}, {"model": "gamification.question", "pk": 11, "fields": {"section": 3, "text": "The presenter clearly related it to the SE problem (and research question/goal).", "is_required": true, "is_multiple": false, "is_template": true, "dependent_question": null, "question_type": "MULTIPLECHOICE", "number_of_scale": 5}}, {"model": "gamification.question", "pk": 12, "fields": {"section": 3, "text": "I understood the (expected) contributions of the study.", "is_required": true, "is_multiple": false, "is_template": true, "dependent_question": null, "question_type": "MULTIPLECHOICE", "number_of_scale": 5}}, {"model": "gamification.question", "pk": 13, "fields": {"section": 3, "text": "The presenter convinced me of the significance of the contribution(s). ", "is_required": true, "is_multiple": false, "is_template": true, "dependent_question": null, "question_type": "MULTIPLECHOICE", "number_of_scale": 5}}, {"model": "gamification.question", "pk": 14, "fields": {"section": 4, "text": "The methodology was well structured.", "is_required": true, "is_multiple": false, "is_template": true, "dependent_question": null, "question_type": "MULTIPLECHOICE", "number_of_scale": 5}}, {"model": "gamification.question", "pk": 15, "fields": {"section": 4, "text": "The presenter clearly related the methodology to the problem (research question/goal).", "is_required": true, "is_multiple": false, "is_template": true, "dependent_question": null, "question_type": "MULTIPLECHOICE", "number_of_scale": 5}}, {"model": "gamification.question", "pk": 16, "fields": {"section": 4, "text": "Results were clearly and adequately presented.", "is_required": true, "is_multiple": false, "is_template": true, "dependent_question": null, "question_type": "MULTIPLECHOICE", "number_of_scale": 5}}, {"model": "gamification.question", "pk": 17, "fields": {"section": 4, "text": "Limitations/gaps of existing work (or traditional techinique) were clearly presented.", "is_required": true, "is_multiple": false, "is_template": true, "dependent_question": null, "question_type": "MULTIPLECHOICE", "number_of_scale": 5}}, {"model": "gamification.question", "pk": 18, "fields": {"section": 4, "text": "Results and limitations were clearly related to the research question.", "is_required": true, "is_multiple": false, "is_template": true, "dependent_question": null, "question_type": "MULTIPLECHOICE", "number_of_scale": 5}}, {"model": "gamification.question", "pk": 19, "fields": {"section": 5, "text": "The presenter seems to have rehearsed.", "is_required": true, "is_multiple": false, "is_template": true, "dependent_question": null, "question_type": "MULTIPLECHOICE", "number_of_scale": 5}}, {"model": "gamification.question", "pk": 20, "fields": {"section": 5, "text": "The presentation was structured in a logical way.", "is_required": true, "is_multiple": false, "is_template": true, "dependent_question": null, "question_type": "MULTIPLECHOICE", "number_of_scale": 5}}, {"model": "gamification.question", "pk": 21, "fields": {"section": 5, "text": "The presentation was well designed (sliders are clear, visually appealing, no typos etc.).", "is_required": true, "is_multiple": false, "is_template": true, "dependent_question": null, "question_type": "MULTIPLECHOICE", "number_of_scale": 5}}, {"model": "gamification.question", "pk": 22, "fields": {"section": 5, "text": "The presentation was well delivered.", "is_required": true, "is_multiple": false, "is_template": true, "dependent_question": null, "question_type": "MULTIPLECHOICE", "number_of_scale": 5}}, {"model": "gamification.question", "pk": 23, "fields": {"section": 5, "text": "The presenter used clear and accessible language (i.e. avoided unnecessary jargon and provided the necessary definitions).", "is_required": true, "is_multiple": false, "is_template": true, "dependent_question": null, "question_type": "MULTIPLECHOICE", "number_of_scale": 5}}, {"model": "gamification.question", "pk": 24, "fields": {"section": 5, "text": "The presenter transitioned between the main parts of the presentation clearly and effectively.", "is_required": true, "is_multiple": false, "is_template": true, "dependent_question": null, "question_type": "MULTIPLECHOICE", "number_of_scale": 5}}, {"model": "gamification.question", "pk": 25, "fields": {"section": 5, "text": "\"The presenter was credible. \r\n(I believe he/she knows what he/she is talking about.)\"", "is_required": true, "is_multiple": false, "is_template": true, "dependent_question": null, "question_type": "MULTIPLECHOICE", "number_of_scale": 5}}, {"model": "gamification.question", "pk": 26, "fields": {"section": 5, "text": "The presenter was confident.", "is_required": true, "is_multiple": false, "is_template": true, "dependent_question": null, "question_type": "MULTIPLECHOICE", "number_of_scale": 5}}, {"model": "gamification.question", "pk": 27, "fields": {"section": 5, "text": "The presenter connected with the audience.", "is_required": true, "is_multiple": false, "is_template": true, "dependent_question": null, "question_type": "MULTIPLECHOICE", "number_of_scale": 5}}, {"model": "gamification.question", "pk": 28, "fields": {"section": 5, "text": "The presenter used pacing, pausing, gestures and movement effectively and appropriately.", "is_required": true, "is_multiple": false, "is_template": true, "dependent_question": null, "question_type": "MULTIPLECHOICE", "number_of_scale": 5}}, {"model": "gamification.question", "pk": 29, "fields": {"section": 5, "text": "The presenter answered the questions appropriately.", "is_required": true, "is_multiple": false, "is_template": true, "dependent_question": null, "question_type": "MULTIPLECHOICE", "number_of_scale": 5}}, {"model": "gamification.question", "pk": 30, "fields": {"section": 6, "text": "test slide", "is_required": false, "is_multiple": false, "is_template": true, "dependent_question": null, "question_type": "SLIDEREVIEW", "number_of_scale": 5}}, {"model": "gamification.question", "pk": 31, "fields": {"section": 8, "text": "Three best characteristics of the presentation", "is_required": false, "is_multiple": false, "is_template": true, "dependent_question": null, "question_type": "FIXEDTEXT", "number_of_scale": 5}}, {"model": "gamification.question", "pk": 32, "fields": {"section": 8, "text": "Three main points that need improvement", "is_required": false, "is_multiple": false, "is_template": true, "dependent_question": null, "question_type": "FIXEDTEXT", "number_of_scale": 5}}, {"model": "gamification.question", "pk": 33, "fields": {"section": 8, "text": "What questions would you like to see answered in the final presentatin and/or report?", "is_required": false, "is_multiple": false, "is_template": true, "dependent_question": null, "question_type": "MULTIPLETEXT", "number_of_scale": 5}}, {"model": "gamification.question", "pk": 34, "fields": {"section": 8, "text": "What can the presenter do to improve his/her presentation", "is_required": false, "is_multiple": false, "is_template": true, "dependent_question": null, "question_type": "TEXTAREA", "number_of_scale": 5}}, {"model": "gamification.question", "pk": 35, "fields": {"section": 7, "text": "Content", "is_required": true, "is_multiple": false, "is_template": true, "dependent_question": null, "question_type": "NUMBER", "number_of_scale": 5}}, {"model": "gamification.question", "pk": 36, "fields": {"section": 7, "text": "Design", "is_required": true, "is_multiple": false, "is_template": true, "dependent_question": null, "question_type": "NUMBER", "number_of_scale": 5}}, {"model": "gamification.question", "pk": 37, "fields": {"section": 7, "text": "Delivery", "is_required": true, "is_multiple": false, "is_template": true, "dependent_question": null, "question_type": "NUMBER", "number_of_scale": 5}}, {"model": "gamification.question", "pk": 38, "fields": {"section": 7, "text": "Overall", "is_required": true, "is_multiple": false, "is_template": true, "dependent_question": null, "question_type": "NUMBER", "number_of_scale": 5}}, {"model": "gamification.question", "pk": 39, "fields": {"section": 7, "text": "Your confidence", "is_required": true, "is_multiple": false, "is_template": true, "dependent_question": null, "question_type": "NUMBER", "number_of_scale": 5}}, {"model": "gamification.question", "pk": 40, "fields": {"section": 9, "text": "The title of the presentation was clear.", "is_required": true, "is_multiple": false, "is_template": false, "dependent_question": null, "question_type": "MULTIPLECHOICE", "number_of_scale": 5}}, {"model": "gamification.question", "pk": 41, "fields": {"section": 9, "text": "The title reflected well the content of the presentation.", "is_required": true, "is_multiple": false, "is_template": false, "dependent_question": null, "question_type": "MULTIPLECHOICE", "number_of_scale": 5}}, {"model": "gamification.question", "pk": 42, "fields": {"section": 10, "text": "The main problem (research question/goal) was stated explicitly.", "is_required": true, "is_multiple": false, "is_template": false, "dependent_question": null, "question_type": "MULTIPLECHOICE", "number_of_scale": 5}}, {"model": "gamification.question", "pk": 43, "fields": {"section": 10, "text": "The main problem (research question/goal) was clearly explained, with the current audience in mind.", "is_required": true, "is_multiple": false, "is_template": false, "dependent_question": null, "question_type": "MULTIPLECHOICE", "number_of_scale": 5}}, {"model": "gamification.question", "pk": 44, "fields": {"section": 10, "text": "I understood the SE problem.", "is_required": true, "is_multiple": false, "is_template": false, "dependent_question": null, "question_type": "MULTIPLECHOICE", "number_of_scale": 5}}, {"model": "gamification.question", "pk": 45, "fields": {"section": 10, "text": "I understood the relevance of addressing the problem.", "is_required": true, "is_multiple": false, "is_template": false, "dependent_question": null, "question_type": "MULTIPLECHOICE", "number_of_scale": 5}}, {"model": "gamification.question", "pk": 46, "fields": {"section": 10, "text": "I found the probleml interesting.", "is_required": true, "is_multiple": false, "is_template": false, "dependent_question": null, "question_type": "MULTIPLECHOICE", "number_of_scale": 5}}, {"model": "gamification.question", "pk": 47, "fields": {"section": 11, "text": "It was clearly stated.", "is_required": true, "is_multiple": false, "is_template": false, "dependent_question": null, "question_type": "MULTIPLECHOICE", "number_of_scale": 5}}, {"model": "gamification.question", "pk": 48, "fields": {"section": 11, "text": "The presenter clearly related it to the SE problem (and research question/goal).", "is_required": true, "is_multiple": false, "is_template": false, "dependent_question": null, "question_type": "MULTIPLECHOICE", "number_of_scale": 5}}, {"model": "gamification.question", "pk": 49, "fields": {"section": 11, "text": "I understood the (expected) contributions of the study.", "is_required": true, "is_multiple": false, "is_template": false, "dependent_question": null, "question_type": "MULTIPLECHOICE", "number_of_scale": 5}}, {"model": "gamification.question", "pk": 50, "fields": {"section": 11, "text": "The presenter convinced me of the significance of the contribution(s). ", "is_required": true, "is_multiple": false, "is_template": false, "dependent_question": null, "question_type": "MULTIPLECHOICE", "number_of_scale": 5}}, {"model": "gamification.question", "pk": 51, "fields": {"section": 12, "text": "The methodology was well structured.", "is_required": true, "is_multiple": false, "is_template": false, "dependent_question": null, "question_type": "MULTIPLECHOICE", "number_of_scale": 5}}, {"model": "gamification.question", "pk": 52, "fields": {"section": 12, "text": "The presenter clearly related the methodology to the problem (research question/goal).", "is_required": true, "is_multiple": false, "is_template": false, "dependent_question": null, "question_type": "MULTIPLECHOICE", "number_of_scale": 5}}, {"model": "gamification.question", "pk": 53, "fields": {"section": 12, "text": "Results were clearly and adequately presented.", "is_required": true, "is_multiple": false, "is_template": false, "dependent_question": null, "question_type": "MULTIPLECHOICE", "number_of_scale": 5}}, {"model": "gamification.question", "pk": 54, "fields": {"section": 12, "text": "Limitations/gaps of existing work (or traditional techinique) were clearly presented.", "is_required": true, "is_multiple": false, "is_template": false, "dependent_question": null, "question_type": "MULTIPLECHOICE", "number_of_scale": 5}}, {"model": "gamification.question", "pk": 55, "fields": {"section": 12, "text": "Results and limitations were clearly related to the research question.", "is_required": true, "is_multiple": false, "is_template": false, "dependent_question": null, "question_type": "MULTIPLECHOICE", "number_of_scale": 5}}, {"model": "gamification.question", "pk": 56, "fields": {"section": 13, "text": "The presenter seems to have rehearsed.", "is_required": true, "is_multiple": false, "is_template": false, "dependent_question": null, "question_type": "MULTIPLECHOICE", "number_of_scale": 5}}, {"model": "gamification.question", "pk": 57, "fields": {"section": 13, "text": "The presentation was structured in a logical way.", "is_required": true, "is_multiple": false, "is_template": false, "dependent_question": null, "question_type": "MULTIPLECHOICE", "number_of_scale": 5}}, {"model": "gamification.question", "pk": 58, "fields": {"section": 13, "text": "The presentation was well designed (sliders are clear, visually appealing, no typos etc.).", "is_required": true, "is_multiple": false, "is_template": false, "dependent_question": null, "question_type": "MULTIPLECHOICE", "number_of_scale": 5}}, {"model": "gamification.question", "pk": 59, "fields": {"section": 13, "text": "The presentation was well delivered.", "is_required": true, "is_multiple": false, "is_template": false, "dependent_question": null, "question_type": "MULTIPLECHOICE", "number_of_scale": 5}}, {"model": "gamification.question", "pk": 60, "fields": {"section": 13, "text": "The presenter used clear and accessible language (i.e. avoided unnecessary jargon and provided the necessary definitions).", "is_required": true, "is_multiple": false, "is_template": false, "dependent_question": null, "question_type": "MULTIPLECHOICE", "number_of_scale": 5}}, {"model": "gamification.question", "pk": 61, "fields": {"section": 13, "text": "The presenter transitioned between the main parts of the presentation clearly and effectively.", "is_required": true, "is_multiple": false, "is_template": false, "dependent_question": null, "question_type": "MULTIPLECHOICE", "number_of_scale": 5}}, {"model": "gamification.question", "pk": 62, "fields": {"section": 13, "text": "\"The presenter was credible. \r\n(I believe he/she knows what he/she is talking about.)\"", "is_required": true, "is_multiple": false, "is_template": false, "dependent_question": null, "question_type": "MULTIPLECHOICE", "number_of_scale": 5}}, {"model": "gamification.question", "pk": 63, "fields": {"section": 13, "text": "The presenter was confident.", "is_required": true, "is_multiple": false, "is_template": false, "dependent_question": null, "question_type": "MULTIPLECHOICE", "number_of_scale": 5}}, {"model": "gamification.question", "pk": 64, "fields": {"section": 13, "text": "The presenter connected with the audience.", "is_required": true, "is_multiple": false, "is_template": false, "dependent_question": null, "question_type": "MULTIPLECHOICE", "number_of_scale": 5}}, {"model": "gamification.question", "pk": 65, "fields": {"section": 13, "text": "The presenter used pacing, pausing, gestures and movement effectively and appropriately.", "is_required": true, "is_multiple": false, "is_template": false, "dependent_question": null, "question_type": "MULTIPLECHOICE", "number_of_scale": 5}}, {"model": "gamification.question", "pk": 66, "fields": {"section": 13, "text": "The presenter answered the questions appropriately.", "is_required": true, "is_multiple": false, "is_template": false, "dependent_question": null, "question_type": "MULTIPLECHOICE", "number_of_scale": 5}}, {"model": "gamification.question", "pk": 67, "fields": {"section": 14, "text": "test slide", "is_required": false, "is_multiple": false, "is_template": false, "dependent_question": null, "question_type": "SLIDEREVIEW", "number_of_scale": 5}}, {"model": "gamification.question", "pk": 68, "fields": {"section": 15, "text": "Content", "is_required": true, "is_multiple": false, "is_template": false, "dependent_question": null, "question_type": "NUMBER", "number_of_scale": 5}}, {"model": "gamification.question", "pk": 69, "fields": {"section": 15, "text": "Design", "is_required": true, "is_multiple": false, "is_template": false, "dependent_question": null, "question_type": "NUMBER", "number_of_scale": 5}}, {"model": "gamification.question", "pk": 70, "fields": {"section": 15, "text": "Delivery", "is_required": true, "is_multiple": false, "is_template": false, "dependent_question": null, "question_type": "NUMBER", "number_of_scale": 5}}, {"model": "gamification.question", "pk": 71, "fields": {"section": 15, "text": "Overall", "is_required": true, "is_multiple": false, "is_template": false, "dependent_question": null, "question_type": "NUMBER", "number_of_scale": 5}}, {"model": "gamification.question", "pk": 72, "fields": {"section": 15, "text": "Your confidence", "is_required": true, "is_multiple": false, "is_template": false, "dependent_question": null, "question_type": "NUMBER", "number_of_scale": 5}}, {"model": "gamification.question", "pk": 73, "fields": {"section": 16, "text": "Three best characteristics of the presentation", "is_required": false, "is_multiple": false, "is_template": false, "dependent_question": null, "question_type": "FIXEDTEXT", "number_of_scale": 5}}, {"model": "gamification.question", "pk": 74, "fields": {"section": 16, "text": "Three main points that need improvement", "is_required": false, "is_multiple": false, "is_template": false, "dependent_question": null, "question_type": "FIXEDTEXT", "number_of_scale": 5}}, {"model": "gamification.question", "pk": 75, "fields": {"section": 16, "text": "What questions would you like to see answered in the final presentatin and/or report?", "is_required": false, "is_multiple": false, "is_template": false, "dependent_question": null, "question_type": "MULTIPLETEXT", "number_of_scale": 5}}, {"model": "gamification.question", "pk": 76, "fields": {"section": 16, "text": "What can the presenter do to improve his/her presentation", "is_required": false, "is_multiple": false, "is_template": false, "dependent_question": null, "question_type": "TEXTAREA", "number_of_scale": 5}}, {"model": "gamification.surveysection", "pk": 1, "fields": {"template": 1, "title": "Title", "description": "", "is_required": true, "is_template": true}}, {"model": "gamification.surveysection", "pk": 2, "fields": {"template": 1, "title": "Software engineering problem (Research question / goal)", "description": "", "is_required": true, "is_template": true}}, {"model": "gamification.surveysection", "pk": 3, "fields": {"template": 1, "title": "Proposal / Study / Solution", "description": "", "is_required": true, "is_template": true}}, {"model": "gamification.surveysection", "pk": 4, "fields": {"template": 1, "title": "Methodology", "description": "", "is_required": true, "is_template": true}}, {"model": "gamification.surveysection", "pk": 5, "fields": {"template": 1, "title": "Presentation", "description": "", "is_required": true, "is_template": true}}, {"model": "gamification.surveysection", "pk": 6, "fields": {"template": 1, "title": "Artifact", "description": "", "is_required": false, "is_template": true}}, {"model": "gamification.surveysection", "pk": 7, "fields": {"template": 1, "title": "Aspect", "description": "How do you grade the following aspects?", "is_required": true, "is_template": true}}, {"model": "gamification.surveysection", "pk": 8, "fields": {"template": 1, "title": "Optional", "description": "", "is_required": false, "is_template": true}}, {"model": "gamification.surveysection", "pk": 9, "fields": {"template": 2, "title": "Title", "description": "", "is_required": true, "is_template": false}}, {"model": "gamification.surveysection", "pk": 10, "fields": {"template": 2, "title": "Software engineering problem (Research question / goal)", "description": "", "is_required": true, "is_template": false}}, {"model": "gamification.surveysection", "pk": 11, "fields": {"template": 2, "title": "Proposal / Study / Solution", "description": "", "is_required": true, "is_template": false}}, {"model": "gamification.surveysection", "pk": 12, "fields": {"template": 2, "title": "Methodology", "description": "", "is_required": true, "is_template": false}}, {"model": "gamification.surveysection", "pk": 13, "fields": {"template": 2, "title": "Presentation", "description": "", "is_required": true, "is_template": false}}, {"model": "gamification.surveysection", "pk": 14, "fields": {"template": 2, "title": "Artifact", "description": "", "is_required": false, "is_template": false}}, {"model": "gamification.surveysection", "pk": 15, "fields": {"template": 2, "title": "Aspect", "description": "How do you grade the following aspects?", "is_required": true, "is_template": false}}, {"model": "gamification.surveysection", "pk": 16, "fields": {"template": 2, "title": "Optional", "description": "", "is_required": false, "is_template": false}}, {"model": "gamification.surveytemplate", "pk": 1, "fields": {"name": "Survey Template", "instructions": "", "is_template": true, "other_info": ""}}, {"model": "gamification.surveytemplate", "pk": 2, "fields": {"name": "Default Template", "instructions": "", "is_template": false, "other_info": ""}}, {"model": "gamification.userreward", "pk": 2, "fields": {"user": 3, "reward": 3, "fulfilled": false}}, {"model": "gamification.userreward", "pk": 3, "fields": {"user": 3, "reward": 4, "fulfilled": false}}, {"model": "gamification.reward", "pk": 3, "fields": {"name": "5 bonus points", "description": "", "course": 1, "points": 5, "reward_type": "4", "inventory": -1, "is_active": true, "picture": "", "quantity": 5}}, {"model": "gamification.reward", "pk": 4, "fields": {"name": "10 bonus points", "description": "", "course": 1, "points": 5, "reward_type": "4", "inventory": 9, "is_active": true, "picture": "", "quantity": 10}}, {"model": "gamification.behavior", "pk": 1, "fields": {"operation": "survey", "points": 10}}, {"model": "gamification.behavior", "pk": 2, "fields": {"operation": "assignment", "points": 20}}]