[{"model": "gamification.answer", "pk": 1, "fields": {"artifact_review": 3, "question_option": 148, "answer_text": "neutral"}}, {"model": "gamification.answer", "pk": 2, "fields": {"artifact_review": 3, "question_option": 154, "answer_text": "agree"}}, {"model": "gamification.answer", "pk": 3, "fields": {"artifact_review": 3, "question_option": 160, "answer_text": "strongly agree"}}, {"model": "gamification.answer", "pk": 4, "fields": {"artifact_review": 3, "question_option": 164, "answer_text": "agree"}}, {"model": "gamification.answer", "pk": 5, "fields": {"artifact_review": 3, "question_option": 166, "answer_text": "strongly disagree"}}, {"model": "gamification.answer", "pk": 6, "fields": {"artifact_review": 3, "question_option": 175, "answer_text": "strongly agree"}}, {"model": "gamification.answer", "pk": 7, "fields": {"artifact_review": 3, "question_option": 180, "answer_text": "strongly agree"}}, {"model": "gamification.answer", "pk": 8, "fields": {"artifact_review": 3, "question_option": 184, "answer_text": "agree"}}, {"model": "gamification.answer", "pk": 9, "fields": {"artifact_review": 3, "question_option": 188, "answer_text": "neutral"}}, {"model": "gamification.answer", "pk": 10, "fields": {"artifact_review": 3, "question_option": 192, "answer_text": "disagree"}}, {"model": "gamification.answer", "pk": 11, "fields": {"artifact_review": 3, "question_option": 200, "answer_text": "strongly agree"}}, {"model": "gamification.answer", "pk": 12, "fields": {"artifact_review": 3, "question_option": 203, "answer_text": "neutral"}}, {"model": "gamification.answer", "pk": 13, "fields": {"artifact_review": 3, "question_option": 209, "answer_text": "agree"}}, {"model": "gamification.answer", "pk": 14, "fields": {"artifact_review": 3, "question_option": 211, "answer_text": "strongly disagree"}}, {"model": "gamification.answer", "pk": 15, "fields": {"artifact_review": 3, "question_option": 220, "answer_text": "strongly agree"}}, {"model": "gamification.answer", "pk": 16, "fields": {"artifact_review": 3, "question_option": 224, "answer_text": "agree"}}, {"model": "gamification.answer", "pk": 17, "fields": {"artifact_review": 3, "question_option": 228, "answer_text": "neutral"}}, {"model": "gamification.answer", "pk": 18, "fields": {"artifact_review": 3, "question_option": 235, "answer_text": "strongly agree"}}, {"model": "gamification.answer", "pk": 19, "fields": {"artifact_review": 3, "question_option": 238, "answer_text": "neutral"}}, {"model": "gamification.answer", "pk": 20, "fields": {"artifact_review": 3, "question_option": 245, "answer_text": "strongly agree"}}, {"model": "gamification.answer", "pk": 21, "fields": {"artifact_review": 3, "question_option": 248, "answer_text": "neutral"}}, {"model": "gamification.answer", "pk": 22, "fields": {"artifact_review": 3, "question_option": 255, "answer_text": "strongly agree"}}, {"model": "gamification.answer", "pk": 23, "fields": {"artifact_review": 3, "question_option": 259, "answer_text": "agree"}}, {"model": "gamification.answer", "pk": 24, "fields": {"artifact_review": 3, "question_option": 265, "answer_text": "strongly agree"}}, {"model": "gamification.answer", "pk": 25, "fields": {"artifact_review": 3, "question_option": 266, "answer_text": "strongly disagree"}}, {"model": "gamification.answer", "pk": 26, "fields": {"artifact_review": 3, "question_option": 272, "answer_text": "disagree"}}, {"model": "gamification.answer", "pk": 27, "fields": {"artifact_review": 3, "question_option": 279, "answer_text": "agree"}}, {"model": "gamification.answer", "pk": 28, "fields": {"artifact_review": 3, "question_option": 282, "answer_text": "8"}}, {"model": "gamification.answer", "pk": 29, "fields": {"artifact_review": 3, "question_option": 283, "answer_text": "6"}}, {"model": "gamification.answer", "pk": 30, "fields": {"artifact_review": 3, "question_option": 284, "answer_text": "8"}}, {"model": "gamification.answer", "pk": 31, "fields": {"artifact_review": 3, "question_option": 285, "answer_text": "7"}}, {"model": "gamification.answer", "pk": 32, "fields": {"artifact_review": 3, "question_option": 286, "answer_text": "9"}}, {"model": "gamification.answer", "pk": 33, "fields": {"artifact_review": 3, "question_option": 287, "answer_text": "aspects and viewpoint"}}, {"model": "gamification.answer", "pk": 34, "fields": {"artifact_review": 3, "question_option": 288, "answer_text": "speed and content"}}, {"model": "gamification.answer", "pk": 35, "fields": {"artifact_review": 3, "question_option": 290, "answer_text": "Talk more about process"}}, {"model": "gamification.answer", "pk": 36, "fields": {"artifact_review": 2, "question_option": 146, "answer_text": "strongly disagree"}}, {"model": "gamification.answer", "pk": 37, "fields": {"artifact_review": 2, "question_option": 153, "answer_text": "neutral"}}, {"model": "gamification.answer", "pk": 38, "fields": {"artifact_review": 2, "question_option": 158, "answer_text": "neutral"}}, {"model": "gamification.answer", "pk": 39, "fields": {"artifact_review": 2, "question_option": 164, "answer_text": "agree"}}, {"model": "gamification.answer", "pk": 40, "fields": {"artifact_review": 2, "question_option": 170, "answer_text": "strongly agree"}}, {"model": "gamification.answer", "pk": 41, "fields": {"artifact_review": 2, "question_option": 174, "answer_text": "agree"}}, {"model": "gamification.answer", "pk": 42, "fields": {"artifact_review": 2, "question_option": 179, "answer_text": "agree"}}, {"model": "gamification.answer", "pk": 43, "fields": {"artifact_review": 2, "question_option": 184, "answer_text": "agree"}}, {"model": "gamification.answer", "pk": 44, "fields": {"artifact_review": 2, "question_option": 190, "answer_text": "strongly agree"}}, {"model": "gamification.answer", "pk": 45, "fields": {"artifact_review": 2, "question_option": 194, "answer_text": "agree"}}, {"model": "gamification.answer", "pk": 46, "fields": {"artifact_review": 2, "question_option": 198, "answer_text": "neutral"}}, {"model": "gamification.answer", "pk": 47, "fields": {"artifact_review": 2, "question_option": 204, "answer_text": "agree"}}, {"model": "gamification.answer", "pk": 48, "fields": {"artifact_review": 2, "question_option": 210, "answer_text": "strongly agree"}}, {"model": "gamification.answer", "pk": 49, "fields": {"artifact_review": 2, "question_option": 214, "answer_text": "agree"}}, {"model": "gamification.answer", "pk": 50, "fields": {"artifact_review": 2, "question_option": 219, "answer_text": "agree"}}, {"model": "gamification.answer", "pk": 51, "fields": {"artifact_review": 2, "question_option": 225, "answer_text": "strongly agree"}}, {"model": "gamification.answer", "pk": 52, "fields": {"artifact_review": 2, "question_option": 228, "answer_text": "neutral"}}, {"model": "gamification.answer", "pk": 53, "fields": {"artifact_review": 2, "question_option": 234, "answer_text": "agree"}}, {"model": "gamification.answer", "pk": 54, "fields": {"artifact_review": 2, "question_option": 240, "answer_text": "strongly agree"}}, {"model": "gamification.answer", "pk": 55, "fields": {"artifact_review": 2, "question_option": 245, "answer_text": "strongly agree"}}, {"model": "gamification.answer", "pk": 56, "fields": {"artifact_review": 2, "question_option": 249, "answer_text": "agree"}}, {"model": "gamification.answer", "pk": 57, "fields": {"artifact_review": 2, "question_option": 253, "answer_text": "neutral"}}, {"model": "gamification.answer", "pk": 58, "fields": {"artifact_review": 2, "question_option": 260, "answer_text": "strongly agree"}}, {"model": "gamification.answer", "pk": 59, "fields": {"artifact_review": 2, "question_option": 264, "answer_text": "agree"}}, {"model": "gamification.answer", "pk": 60, "fields": {"artifact_review": 2, "question_option": 268, "answer_text": "neutral"}}, {"model": "gamification.answer", "pk": 61, "fields": {"artifact_review": 2, "question_option": 275, "answer_text": "strongly agree"}}, {"model": "gamification.answer", "pk": 62, "fields": {"artifact_review": 2, "question_option": 280, "answer_text": "strongly agree"}}, {"model": "gamification.answer", "pk": 63, "fields": {"artifact_review": 2, "question_option": 282, "answer_text": "9"}}, {"model": "gamification.answer", "pk": 64, "fields": {"artifact_review": 2, "question_option": 283, "answer_text": "8"}}, {"model": "gamification.answer", "pk": 65, "fields": {"artifact_review": 2, "question_option": 284, "answer_text": "9"}}, {"model": "gamification.answer", "pk": 66, "fields": {"artifact_review": 2, "question_option": 285, "answer_text": "9"}}, {"model": "gamification.answer", "pk": 67, "fields": {"artifact_review": 2, "question_option": 286, "answer_text": "10"}}, {"model": "gamification.answer", "pk": 68, "fields": {"artifact_review": 2, "question_option": 287, "answer_text": "nice presentation"}}, {"model": "gamification.answer", "pk": 69, "fields": {"artifact_review": 2, "question_option": 288, "answer_text": "details, content, goal"}}, {"model": "gamification.answer", "pk": 70, "fields": {"artifact_review": 2, "question_option": 289, "answer_text": "how the topic you choose relate to this course"}}, {"model": "gamification.answer", "pk": 71, "fields": {"artifact_review": 5, "question_option": 148, "answer_text": "neutral"}}, {"model": "gamification.answer", "pk": 72, "fields": {"artifact_review": 5, "question_option": 154, "answer_text": "agree"}}, {"model": "gamification.answer", "pk": 73, "fields": {"artifact_review": 5, "question_option": 157, "answer_text": "disagree"}}, {"model": "gamification.answer", "pk": 74, "fields": {"artifact_review": 5, "question_option": 163, "answer_text": "neutral"}}, {"model": "gamification.answer", "pk": 75, "fields": {"artifact_review": 5, "question_option": 169, "answer_text": "agree"}}, {"model": "gamification.answer", "pk": 76, "fields": {"artifact_review": 5, "question_option": 173, "answer_text": "neutral"}}, {"model": "gamification.answer", "pk": 77, "fields": {"artifact_review": 5, "question_option": 179, "answer_text": "agree"}}, {"model": "gamification.answer", "pk": 78, "fields": {"artifact_review": 5, "question_option": 184, "answer_text": "agree"}}, {"model": "gamification.answer", "pk": 79, "fields": {"artifact_review": 5, "question_option": 189, "answer_text": "agree"}}, {"model": "gamification.answer", "pk": 80, "fields": {"artifact_review": 5, "question_option": 193, "answer_text": "neutral"}}, {"model": "gamification.answer", "pk": 81, "fields": {"artifact_review": 5, "question_option": 199, "answer_text": "agree"}}, {"model": "gamification.answer", "pk": 82, "fields": {"artifact_review": 5, "question_option": 204, "answer_text": "agree"}}, {"model": "gamification.answer", "pk": 83, "fields": {"artifact_review": 5, "question_option": 208, "answer_text": "neutral"}}, {"model": "gamification.answer", "pk": 84, "fields": {"artifact_review": 5, "question_option": 214, "answer_text": "agree"}}, {"model": "gamification.answer", "pk": 85, "fields": {"artifact_review": 5, "question_option": 219, "answer_text": "agree"}}, {"model": "gamification.answer", "pk": 86, "fields": {"artifact_review": 5, "question_option": 224, "answer_text": "agree"}}, {"model": "gamification.answer", "pk": 87, "fields": {"artifact_review": 5, "question_option": 229, "answer_text": "agree"}}, {"model": "gamification.answer", "pk": 88, "fields": {"artifact_review": 5, "question_option": 234, "answer_text": "agree"}}, {"model": "gamification.answer", "pk": 89, "fields": {"artifact_review": 5, "question_option": 238, "answer_text": "neutral"}}, {"model": "gamification.answer", "pk": 90, "fields": {"artifact_review": 5, "question_option": 242, "answer_text": "disagree"}}, {"model": "gamification.answer", "pk": 91, "fields": {"artifact_review": 5, "question_option": 249, "answer_text": "agree"}}, {"model": "gamification.answer", "pk": 92, "fields": {"artifact_review": 5, "question_option": 254, "answer_text": "agree"}}, {"model": "gamification.answer", "pk": 93, "fields": {"artifact_review": 5, "question_option": 259, "answer_text": "agree"}}, {"model": "gamification.answer", "pk": 94, "fields": {"artifact_review": 5, "question_option": 263, "answer_text": "neutral"}}, {"model": "gamification.answer", "pk": 95, "fields": {"artifact_review": 5, "question_option": 268, "answer_text": "neutral"}}, {"model": "gamification.answer", "pk": 96, "fields": {"artifact_review": 5, "question_option": 274, "answer_text": "agree"}}, {"model": "gamification.answer", "pk": 97, "fields": {"artifact_review": 5, "question_option": 279, "answer_text": "agree"}}, {"model": "gamification.answer", "pk": 98, "fields": {"artifact_review": 5, "question_option": 282, "answer_text": "9"}}, {"model": "gamification.answer", "pk": 99, "fields": {"artifact_review": 5, "question_option": 283, "answer_text": "7"}}, {"model": "gamification.answer", "pk": 100, "fields": {"artifact_review": 5, "question_option": 284, "answer_text": "8"}}, {"model": "gamification.answer", "pk": 101, "fields": {"artifact_review": 5, "question_option": 285, "answer_text": "7"}}, {"model": "gamification.answer", "pk": 102, "fields": {"artifact_review": 5, "question_option": 286, "answer_text": "9"}}, {"model": "gamification.answer", "pk": 103, "fields": {"artifact_review": 5, "question_option": 287, "answer_text": "choice of topic, project's performance, creation"}}, {"model": "gamification.answer", "pk": 104, "fields": {"artifact_review": 5, "question_option": 288, "answer_text": "slide, details"}}, {"model": "gamification.answer", "pk": 105, "fields": {"artifact_review": 6, "question_option": 150, "answer_text": "strongly agree"}}, {"model": "gamification.answer", "pk": 106, "fields": {"artifact_review": 6, "question_option": 153, "answer_text": "neutral"}}, {"model": "gamification.answer", "pk": 107, "fields": {"artifact_review": 6, "question_option": 156, "answer_text": "strongly disagree"}}, {"model": "gamification.answer", "pk": 108, "fields": {"artifact_review": 6, "question_option": 165, "answer_text": "strongly agree"}}, {"model": "gamification.answer", "pk": 109, "fields": {"artifact_review": 6, "question_option": 169, "answer_text": "agree"}}, {"model": "gamification.answer", "pk": 110, "fields": {"artifact_review": 6, "question_option": 175, "answer_text": "strongly agree"}}, {"model": "gamification.answer", "pk": 111, "fields": {"artifact_review": 6, "question_option": 176, "answer_text": "strongly disagree"}}, {"model": "gamification.answer", "pk": 112, "fields": {"artifact_review": 6, "question_option": 183, "answer_text": "neutral"}}, {"model": "gamification.answer", "pk": 113, "fields": {"artifact_review": 6, "question_option": 187, "answer_text": "disagree"}}, {"model": "gamification.answer", "pk": 114, "fields": {"artifact_review": 6, "question_option": 194, "answer_text": "agree"}}, {"model": "gamification.answer", "pk": 115, "fields": {"artifact_review": 6, "question_option": 200, "answer_text": "strongly agree"}}, {"model": "gamification.answer", "pk": 116, "fields": {"artifact_review": 6, "question_option": 201, "answer_text": "strongly disagree"}}, {"model": "gamification.answer", "pk": 117, "fields": {"artifact_review": 6, "question_option": 210, "answer_text": "strongly agree"}}, {"model": "gamification.answer", "pk": 118, "fields": {"artifact_review": 6, "question_option": 214, "answer_text": "agree"}}, {"model": "gamification.answer", "pk": 119, "fields": {"artifact_review": 6, "question_option": 218, "answer_text": "neutral"}}, {"model": "gamification.answer", "pk": 120, "fields": {"artifact_review": 6, "question_option": 225, "answer_text": "strongly agree"}}, {"model": "gamification.answer", "pk": 121, "fields": {"artifact_review": 6, "question_option": 229, "answer_text": "agree"}}, {"model": "gamification.answer", "pk": 122, "fields": {"artifact_review": 6, "question_option": 232, "answer_text": "disagree"}}, {"model": "gamification.answer", "pk": 123, "fields": {"artifact_review": 6, "question_option": 236, "answer_text": "strongly disagree"}}, {"model": "gamification.answer", "pk": 124, "fields": {"artifact_review": 6, "question_option": 243, "answer_text": "neutral"}}, {"model": "gamification.answer", "pk": 125, "fields": {"artifact_review": 6, "question_option": 250, "answer_text": "strongly agree"}}, {"model": "gamification.answer", "pk": 126, "fields": {"artifact_review": 6, "question_option": 254, "answer_text": "agree"}}, {"model": "gamification.answer", "pk": 127, "fields": {"artifact_review": 6, "question_option": 259, "answer_text": "agree"}}, {"model": "gamification.answer", "pk": 128, "fields": {"artifact_review": 6, "question_option": 265, "answer_text": "strongly agree"}}, {"model": "gamification.answer", "pk": 129, "fields": {"artifact_review": 6, "question_option": 267, "answer_text": "disagree"}}, {"model": "gamification.answer", "pk": 130, "fields": {"artifact_review": 6, "question_option": 275, "answer_text": "strongly agree"}}, {"model": "gamification.answer", "pk": 131, "fields": {"artifact_review": 6, "question_option": 279, "answer_text": "agree"}}, {"model": "gamification.answer", "pk": 132, "fields": {"artifact_review": 6, "question_option": 282, "answer_text": "3"}}, {"model": "gamification.answer", "pk": 133, "fields": {"artifact_review": 6, "question_option": 283, "answer_text": "6"}}, {"model": "gamification.answer", "pk": 134, "fields": {"artifact_review": 6, "question_option": 284, "answer_text": "7"}}, {"model": "gamification.answer", "pk": 135, "fields": {"artifact_review": 6, "question_option": 285, "answer_text": "5"}}, {"model": "gamification.answer", "pk": 136, "fields": {"artifact_review": 6, "question_option": 286, "answer_text": "10"}}, {"model": "gamification.answer", "pk": 137, "fields": {"artifact_review": 7, "question_option": 149, "answer_text": "agree"}}, {"model": "gamification.answer", "pk": 138, "fields": {"artifact_review": 7, "question_option": 153, "answer_text": "neutral"}}, {"model": "gamification.answer", "pk": 139, "fields": {"artifact_review": 7, "question_option": 159, "answer_text": "agree"}}, {"model": "gamification.answer", "pk": 140, "fields": {"artifact_review": 7, "question_option": 164, "answer_text": "agree"}}, {"model": "gamification.answer", "pk": 141, "fields": {"artifact_review": 7, "question_option": 170, "answer_text": "strongly agree"}}, {"model": "gamification.answer", "pk": 142, "fields": {"artifact_review": 7, "question_option": 174, "answer_text": "agree"}}, {"model": "gamification.answer", "pk": 143, "fields": {"artifact_review": 7, "question_option": 179, "answer_text": "agree"}}, {"model": "gamification.answer", "pk": 144, "fields": {"artifact_review": 7, "question_option": 183, "answer_text": "neutral"}}, {"model": "gamification.answer", "pk": 145, "fields": {"artifact_review": 7, "question_option": 187, "answer_text": "disagree"}}, {"model": "gamification.answer", "pk": 146, "fields": {"artifact_review": 7, "question_option": 194, "answer_text": "agree"}}, {"model": "gamification.answer", "pk": 147, "fields": {"artifact_review": 7, "question_option": 200, "answer_text": "strongly agree"}}, {"model": "gamification.answer", "pk": 148, "fields": {"artifact_review": 7, "question_option": 204, "answer_text": "agree"}}, {"model": "gamification.answer", "pk": 149, "fields": {"artifact_review": 7, "question_option": 210, "answer_text": "strongly agree"}}, {"model": "gamification.answer", "pk": 150, "fields": {"artifact_review": 7, "question_option": 213, "answer_text": "neutral"}}, {"model": "gamification.answer", "pk": 151, "fields": {"artifact_review": 7, "question_option": 219, "answer_text": "agree"}}, {"model": "gamification.answer", "pk": 152, "fields": {"artifact_review": 7, "question_option": 225, "answer_text": "strongly agree"}}, {"model": "gamification.answer", "pk": 153, "fields": {"artifact_review": 7, "question_option": 229, "answer_text": "agree"}}, {"model": "gamification.answer", "pk": 154, "fields": {"artifact_review": 7, "question_option": 235, "answer_text": "strongly agree"}}, {"model": "gamification.answer", "pk": 155, "fields": {"artifact_review": 7, "question_option": 239, "answer_text": "agree"}}, {"model": "gamification.answer", "pk": 156, "fields": {"artifact_review": 7, "question_option": 245, "answer_text": "strongly agree"}}, {"model": "gamification.answer", "pk": 157, "fields": {"artifact_review": 7, "question_option": 249, "answer_text": "agree"}}, {"model": "gamification.answer", "pk": 158, "fields": {"artifact_review": 7, "question_option": 255, "answer_text": "strongly agree"}}, {"model": "gamification.answer", "pk": 159, "fields": {"artifact_review": 7, "question_option": 259, "answer_text": "agree"}}, {"model": "gamification.answer", "pk": 160, "fields": {"artifact_review": 7, "question_option": 265, "answer_text": "strongly agree"}}, {"model": "gamification.answer", "pk": 161, "fields": {"artifact_review": 7, "question_option": 269, "answer_text": "agree"}}, {"model": "gamification.answer", "pk": 162, "fields": {"artifact_review": 7, "question_option": 275, "answer_text": "strongly agree"}}, {"model": "gamification.answer", "pk": 163, "fields": {"artifact_review": 7, "question_option": 279, "answer_text": "agree"}}, {"model": "gamification.answer", "pk": 164, "fields": {"artifact_review": 7, "question_option": 282, "answer_text": "9"}}, {"model": "gamification.answer", "pk": 165, "fields": {"artifact_review": 7, "question_option": 283, "answer_text": "8"}}, {"model": "gamification.answer", "pk": 166, "fields": {"artifact_review": 7, "question_option": 284, "answer_text": "9"}}, {"model": "gamification.answer", "pk": 167, "fields": {"artifact_review": 7, "question_option": 285, "answer_text": "10"}}, {"model": "gamification.answer", "pk": 168, "fields": {"artifact_review": 7, "question_option": 286, "answer_text": "9"}}, {"model": "gamification.answer", "pk": 169, "fields": {"artifact_review": 7, "question_option": 290, "answer_text": "undefined"}}, {"model": "gamification.answer", "pk": 170, "fields": {"artifact_review": 8, "question_option": 147, "answer_text": "disagree"}}, {"model": "gamification.answer", "pk": 171, "fields": {"artifact_review": 8, "question_option": 153, "answer_text": "neutral"}}, {"model": "gamification.answer", "pk": 172, "fields": {"artifact_review": 8, "question_option": 156, "answer_text": "strongly disagree"}}, {"model": "gamification.answer", "pk": 173, "fields": {"artifact_review": 8, "question_option": 162, "answer_text": "disagree"}}, {"model": "gamification.answer", "pk": 174, "fields": {"artifact_review": 8, "question_option": 168, "answer_text": "neutral"}}, {"model": "gamification.answer", "pk": 175, "fields": {"artifact_review": 8, "question_option": 174, "answer_text": "agree"}}, {"model": "gamification.answer", "pk": 176, "fields": {"artifact_review": 8, "question_option": 180, "answer_text": "strongly agree"}}, {"model": "gamification.answer", "pk": 177, "fields": {"artifact_review": 8, "question_option": 184, "answer_text": "agree"}}, {"model": "gamification.answer", "pk": 178, "fields": {"artifact_review": 8, "question_option": 190, "answer_text": "strongly agree"}}, {"model": "gamification.answer", "pk": 179, "fields": {"artifact_review": 8, "question_option": 193, "answer_text": "neutral"}}, {"model": "gamification.answer", "pk": 180, "fields": {"artifact_review": 8, "question_option": 200, "answer_text": "strongly agree"}}, {"model": "gamification.answer", "pk": 181, "fields": {"artifact_review": 8, "question_option": 204, "answer_text": "agree"}}, {"model": "gamification.answer", "pk": 182, "fields": {"artifact_review": 8, "question_option": 210, "answer_text": "strongly agree"}}, {"model": "gamification.answer", "pk": 183, "fields": {"artifact_review": 8, "question_option": 214, "answer_text": "agree"}}, {"model": "gamification.answer", "pk": 184, "fields": {"artifact_review": 8, "question_option": 220, "answer_text": "strongly agree"}}, {"model": "gamification.answer", "pk": 185, "fields": {"artifact_review": 8, "question_option": 224, "answer_text": "agree"}}, {"model": "gamification.answer", "pk": 186, "fields": {"artifact_review": 8, "question_option": 228, "answer_text": "neutral"}}, {"model": "gamification.answer", "pk": 187, "fields": {"artifact_review": 8, "question_option": 235, "answer_text": "strongly agree"}}, {"model": "gamification.answer", "pk": 188, "fields": {"artifact_review": 8, "question_option": 239, "answer_text": "agree"}}, {"model": "gamification.answer", "pk": 189, "fields": {"artifact_review": 8, "question_option": 245, "answer_text": "strongly agree"}}, {"model": "gamification.answer", "pk": 190, "fields": {"artifact_review": 8, "question_option": 247, "answer_text": "disagree"}}, {"model": "gamification.answer", "pk": 191, "fields": {"artifact_review": 8, "question_option": 255, "answer_text": "strongly agree"}}, {"model": "gamification.answer", "pk": 192, "fields": {"artifact_review": 8, "question_option": 258, "answer_text": "neutral"}}, {"model": "gamification.answer", "pk": 193, "fields": {"artifact_review": 8, "question_option": 265, "answer_text": "strongly agree"}}, {"model": "gamification.answer", "pk": 194, "fields": {"artifact_review": 8, "question_option": 267, "answer_text": "disagree"}}, {"model": "gamification.answer", "pk": 195, "fields": {"artifact_review": 8, "question_option": 275, "answer_text": "strongly agree"}}, {"model": "gamification.answer", "pk": 196, "fields": {"artifact_review": 8, "question_option": 278, "answer_text": "neutral"}}, {"model": "gamification.answer", "pk": 197, "fields": {"artifact_review": 8, "question_option": 282, "answer_text": "7"}}, {"model": "gamification.answer", "pk": 198, "fields": {"artifact_review": 8, "question_option": 283, "answer_text": "2"}}, {"model": "gamification.answer", "pk": 199, "fields": {"artifact_review": 8, "question_option": 284, "answer_text": "3"}}, {"model": "gamification.answer", "pk": 200, "fields": {"artifact_review": 8, "question_option": 285, "answer_text": "5"}}, {"model": "gamification.answer", "pk": 201, "fields": {"artifact_review": 8, "question_option": 286, "answer_text": "9"}}, {"model": "gamification.answer", "pk": 202, "fields": {"artifact_review": 8, "question_option": 290, "answer_text": "undefined"}}, {"model": "gamification.answer", "pk": 203, "fields": {"artifact_review": 9, "question_option": 148, "answer_text": "neutral"}}, {"model": "gamification.answer", "pk": 204, "fields": {"artifact_review": 9, "question_option": 154, "answer_text": "agree"}}, {"model": "gamification.answer", "pk": 205, "fields": {"artifact_review": 9, "question_option": 159, "answer_text": "agree"}}, {"model": "gamification.answer", "pk": 206, "fields": {"artifact_review": 9, "question_option": 165, "answer_text": "strongly agree"}}, {"model": "gamification.answer", "pk": 207, "fields": {"artifact_review": 9, "question_option": 169, "answer_text": "agree"}}, {"model": "gamification.answer", "pk": 208, "fields": {"artifact_review": 9, "question_option": 175, "answer_text": "strongly agree"}}, {"model": "gamification.answer", "pk": 209, "fields": {"artifact_review": 9, "question_option": 179, "answer_text": "agree"}}, {"model": "gamification.answer", "pk": 210, "fields": {"artifact_review": 9, "question_option": 185, "answer_text": "strongly agree"}}, {"model": "gamification.answer", "pk": 211, "fields": {"artifact_review": 9, "question_option": 189, "answer_text": "agree"}}, {"model": "gamification.answer", "pk": 212, "fields": {"artifact_review": 9, "question_option": 195, "answer_text": "strongly agree"}}, {"model": "gamification.answer", "pk": 213, "fields": {"artifact_review": 9, "question_option": 199, "answer_text": "agree"}}, {"model": "gamification.answer", "pk": 214, "fields": {"artifact_review": 9, "question_option": 202, "answer_text": "disagree"}}, {"model": "gamification.answer", "pk": 215, "fields": {"artifact_review": 9, "question_option": 209, "answer_text": "agree"}}, {"model": "gamification.answer", "pk": 216, "fields": {"artifact_review": 9, "question_option": 214, "answer_text": "agree"}}, {"model": "gamification.answer", "pk": 217, "fields": {"artifact_review": 9, "question_option": 219, "answer_text": "agree"}}, {"model": "gamification.answer", "pk": 218, "fields": {"artifact_review": 9, "question_option": 224, "answer_text": "agree"}}, {"model": "gamification.answer", "pk": 219, "fields": {"artifact_review": 9, "question_option": 228, "answer_text": "neutral"}}, {"model": "gamification.answer", "pk": 220, "fields": {"artifact_review": 9, "question_option": 235, "answer_text": "strongly agree"}}, {"model": "gamification.answer", "pk": 221, "fields": {"artifact_review": 9, "question_option": 238, "answer_text": "neutral"}}, {"model": "gamification.answer", "pk": 222, "fields": {"artifact_review": 9, "question_option": 242, "answer_text": "disagree"}}, {"model": "gamification.answer", "pk": 223, "fields": {"artifact_review": 9, "question_option": 249, "answer_text": "agree"}}, {"model": "gamification.answer", "pk": 224, "fields": {"artifact_review": 9, "question_option": 254, "answer_text": "agree"}}, {"model": "gamification.answer", "pk": 225, "fields": {"artifact_review": 9, "question_option": 258, "answer_text": "neutral"}}, {"model": "gamification.answer", "pk": 226, "fields": {"artifact_review": 9, "question_option": 265, "answer_text": "strongly agree"}}, {"model": "gamification.answer", "pk": 227, "fields": {"artifact_review": 9, "question_option": 269, "answer_text": "agree"}}, {"model": "gamification.answer", "pk": 228, "fields": {"artifact_review": 9, "question_option": 275, "answer_text": "strongly agree"}}, {"model": "gamification.answer", "pk": 229, "fields": {"artifact_review": 9, "question_option": 278, "answer_text": "neutral"}}, {"model": "gamification.answer", "pk": 230, "fields": {"artifact_review": 9, "question_option": 282, "answer_text": "1"}}, {"model": "gamification.answer", "pk": 231, "fields": {"artifact_review": 9, "question_option": 283, "answer_text": "1"}}, {"model": "gamification.answer", "pk": 232, "fields": {"artifact_review": 9, "question_option": 284, "answer_text": "1"}}, {"model": "gamification.answer", "pk": 233, "fields": {"artifact_review": 9, "question_option": 285, "answer_text": "1"}}, {"model": "gamification.answer", "pk": 234, "fields": {"artifact_review": 9, "question_option": 286, "answer_text": "1"}}, {"model": "gamification.answer", "pk": 235, "fields": {"artifact_review": 10, "question_option": 149, "answer_text": "agree"}}, {"model": "gamification.answer", "pk": 236, "fields": {"artifact_review": 10, "question_option": 153, "answer_text": "neutral"}}, {"model": "gamification.answer", "pk": 237, "fields": {"artifact_review": 10, "question_option": 160, "answer_text": "strongly agree"}}, {"model": "gamification.answer", "pk": 238, "fields": {"artifact_review": 10, "question_option": 161, "answer_text": "strongly disagree"}}, {"model": "gamification.answer", "pk": 239, "fields": {"artifact_review": 10, "question_option": 169, "answer_text": "agree"}}, {"model": "gamification.answer", "pk": 240, "fields": {"artifact_review": 10, "question_option": 175, "answer_text": "strongly agree"}}, {"model": "gamification.answer", "pk": 241, "fields": {"artifact_review": 10, "question_option": 179, "answer_text": "agree"}}, {"model": "gamification.answer", "pk": 242, "fields": {"artifact_review": 10, "question_option": 183, "answer_text": "neutral"}}, {"model": "gamification.answer", "pk": 243, "fields": {"artifact_review": 10, "question_option": 190, "answer_text": "strongly agree"}}, {"model": "gamification.answer", "pk": 244, "fields": {"artifact_review": 10, "question_option": 193, "answer_text": "neutral"}}, {"model": "gamification.answer", "pk": 245, "fields": {"artifact_review": 10, "question_option": 199, "answer_text": "agree"}}, {"model": "gamification.answer", "pk": 246, "fields": {"artifact_review": 10, "question_option": 204, "answer_text": "agree"}}, {"model": "gamification.answer", "pk": 247, "fields": {"artifact_review": 10, "question_option": 210, "answer_text": "strongly agree"}}, {"model": "gamification.answer", "pk": 248, "fields": {"artifact_review": 10, "question_option": 214, "answer_text": "agree"}}, {"model": "gamification.answer", "pk": 249, "fields": {"artifact_review": 10, "question_option": 218, "answer_text": "neutral"}}, {"model": "gamification.answer", "pk": 250, "fields": {"artifact_review": 10, "question_option": 225, "answer_text": "strongly agree"}}, {"model": "gamification.answer", "pk": 251, "fields": {"artifact_review": 10, "question_option": 229, "answer_text": "agree"}}, {"model": "gamification.answer", "pk": 252, "fields": {"artifact_review": 10, "question_option": 233, "answer_text": "neutral"}}, {"model": "gamification.answer", "pk": 253, "fields": {"artifact_review": 10, "question_option": 239, "answer_text": "agree"}}, {"model": "gamification.answer", "pk": 254, "fields": {"artifact_review": 10, "question_option": 245, "answer_text": "strongly agree"}}, {"model": "gamification.answer", "pk": 255, "fields": {"artifact_review": 10, "question_option": 248, "answer_text": "neutral"}}, {"model": "gamification.answer", "pk": 256, "fields": {"artifact_review": 10, "question_option": 255, "answer_text": "strongly agree"}}, {"model": "gamification.answer", "pk": 257, "fields": {"artifact_review": 10, "question_option": 260, "answer_text": "strongly agree"}}, {"model": "gamification.answer", "pk": 258, "fields": {"artifact_review": 10, "question_option": 264, "answer_text": "agree"}}, {"model": "gamification.answer", "pk": 259, "fields": {"artifact_review": 10, "question_option": 269, "answer_text": "agree"}}, {"model": "gamification.answer", "pk": 260, "fields": {"artifact_review": 10, "question_option": 275, "answer_text": "strongly agree"}}, {"model": "gamification.answer", "pk": 261, "fields": {"artifact_review": 10, "question_option": 279, "answer_text": "agree"}}, {"model": "gamification.answer", "pk": 262, "fields": {"artifact_review": 10, "question_option": 282, "answer_text": "7"}}, {"model": "gamification.answer", "pk": 263, "fields": {"artifact_review": 10, "question_option": 283, "answer_text": "9"}}, {"model": "gamification.answer", "pk": 264, "fields": {"artifact_review": 10, "question_option": 284, "answer_text": "8"}}, {"model": "gamification.answer", "pk": 265, "fields": {"artifact_review": 10, "question_option": 285, "answer_text": "9"}}, {"model": "gamification.answer", "pk": 266, "fields": {"artifact_review": 10, "question_option": 286, "answer_text": "9"}}, {"model": "gamification.answer", "pk": 267, "fields": {"artifact_review": 11, "question_option": 149, "answer_text": "agree"}}, {"model": "gamification.answer", "pk": 268, "fields": {"artifact_review": 11, "question_option": 155, "answer_text": "strongly agree"}}, {"model": "gamification.answer", "pk": 269, "fields": {"artifact_review": 11, "question_option": 160, "answer_text": "strongly agree"}}, {"model": "gamification.answer", "pk": 270, "fields": {"artifact_review": 11, "question_option": 164, "answer_text": "agree"}}, {"model": "gamification.answer", "pk": 271, "fields": {"artifact_review": 11, "question_option": 170, "answer_text": "strongly agree"}}, {"model": "gamification.answer", "pk": 272, "fields": {"artifact_review": 11, "question_option": 174, "answer_text": "agree"}}, {"model": "gamification.answer", "pk": 273, "fields": {"artifact_review": 11, "question_option": 179, "answer_text": "agree"}}, {"model": "gamification.answer", "pk": 274, "fields": {"artifact_review": 11, "question_option": 183, "answer_text": "neutral"}}, {"model": "gamification.answer", "pk": 275, "fields": {"artifact_review": 11, "question_option": 186, "answer_text": "strongly disagree"}}, {"model": "gamification.answer", "pk": 276, "fields": {"artifact_review": 11, "question_option": 193, "answer_text": "neutral"}}, {"model": "gamification.answer", "pk": 277, "fields": {"artifact_review": 11, "question_option": 199, "answer_text": "agree"}}, {"model": "gamification.answer", "pk": 278, "fields": {"artifact_review": 11, "question_option": 201, "answer_text": "strongly disagree"}}, {"model": "gamification.answer", "pk": 279, "fields": {"artifact_review": 11, "question_option": 209, "answer_text": "agree"}}, {"model": "gamification.answer", "pk": 280, "fields": {"artifact_review": 11, "question_option": 215, "answer_text": "strongly agree"}}, {"model": "gamification.answer", "pk": 281, "fields": {"artifact_review": 11, "question_option": 218, "answer_text": "neutral"}}, {"model": "gamification.answer", "pk": 282, "fields": {"artifact_review": 11, "question_option": 225, "answer_text": "strongly agree"}}, {"model": "gamification.answer", "pk": 283, "fields": {"artifact_review": 11, "question_option": 228, "answer_text": "neutral"}}, {"model": "gamification.answer", "pk": 284, "fields": {"artifact_review": 11, "question_option": 235, "answer_text": "strongly agree"}}, {"model": "gamification.answer", "pk": 285, "fields": {"artifact_review": 11, "question_option": 239, "answer_text": "agree"}}, {"model": "gamification.answer", "pk": 286, "fields": {"artifact_review": 11, "question_option": 245, "answer_text": "strongly agree"}}, {"model": "gamification.answer", "pk": 287, "fields": {"artifact_review": 11, "question_option": 248, "answer_text": "neutral"}}, {"model": "gamification.answer", "pk": 288, "fields": {"artifact_review": 11, "question_option": 255, "answer_text": "strongly agree"}}, {"model": "gamification.answer", "pk": 289, "fields": {"artifact_review": 11, "question_option": 260, "answer_text": "strongly agree"}}, {"model": "gamification.answer", "pk": 290, "fields": {"artifact_review": 11, "question_option": 263, "answer_text": "neutral"}}, {"model": "gamification.answer", "pk": 291, "fields": {"artifact_review": 11, "question_option": 269, "answer_text": "agree"}}, {"model": "gamification.answer", "pk": 292, "fields": {"artifact_review": 11, "question_option": 275, "answer_text": "strongly agree"}}, {"model": "gamification.answer", "pk": 293, "fields": {"artifact_review": 11, "question_option": 277, "answer_text": "disagree"}}, {"model": "gamification.answer", "pk": 294, "fields": {"artifact_review": 11, "question_option": 282, "answer_text": "10"}}, {"model": "gamification.answer", "pk": 295, "fields": {"artifact_review": 11, "question_option": 283, "answer_text": "8"}}, {"model": "gamification.answer", "pk": 296, "fields": {"artifact_review": 11, "question_option": 284, "answer_text": "8"}}, {"model": "gamification.answer", "pk": 297, "fields": {"artifact_review": 11, "question_option": 285, "answer_text": "5"}}, {"model": "gamification.answer", "pk": 298, "fields": {"artifact_review": 11, "question_option": 286, "answer_text": "10"}}, {"model": "gamification.artifact", "pk": 1, "fields": {"entity": 2, "assignment": 1, "upload_time": "2022-08-03T05:47:42.486Z", "file": "assignment_files/Internship_Experience_Review_Report_-_Sample_Report_Draft_V00GKst.pdf"}}, {"model": "gamification.artifactreview", "pk": 2, "fields": {"artifact": 1, "user": 9, "status": "LATE"}}, {"model": "gamification.artifactreview", "pk": 3, "fields": {"artifact": 1, "user": 8, "status": "LATE"}}, {"model": "gamification.artifactreview", "pk": 4, "fields": {"artifact": 1, "user": 7, "status": "INCOMPLETE"}}, {"model": "gamification.artifactreview", "pk": 5, "fields": {"artifact": 1, "user": 10, "status": "LATE"}}, {"model": "gamification.artifactreview", "pk": 6, "fields": {"artifact": 1, "user": 17, "status": "LATE"}}, {"model": "gamification.artifactreview", "pk": 7, "fields": {"artifact": 1, "user": 18, "status": "LATE"}}, {"model": "gamification.artifactreview", "pk": 8, "fields": {"artifact": 1, "user": 19, "status": "LATE"}}, {"model": "gamification.artifactreview", "pk": 9, "fields": {"artifact": 1, "user": 20, "status": "LATE"}}, {"model": "gamification.artifactreview", "pk": 10, "fields": {"artifact": 1, "user": 21, "status": "LATE"}}, {"model": "gamification.artifactreview", "pk": 11, "fields": {"artifact": 1, "user": 22, "status": "LATE"}}, {"model": "gamification.membership", "pk": 2, "fields": {"student": 7, "entity": 2}}, {"model": "gamification.membership", "pk": 5, "fields": {"student": 8, "entity": 3}}, {"model": "gamification.membership", "pk": 6, "fields": {"student": 9, "entity": 4}}, {"model": "gamification.membership", "pk": 7, "fields": {"student": 10, "entity": 5}}, {"model": "gamification.membership", "pk": 14, "fields": {"student": 17, "entity": 12}}, {"model": "gamification.membership", "pk": 15, "fields": {"student": 18, "entity": 13}}, {"model": "gamification.membership", "pk": 16, "fields": {"student": 19, "entity": 14}}, {"model": "gamification.membership", "pk": 17, "fields": {"student": 20, "entity": 15}}, {"model": "gamification.membership", "pk": 18, "fields": {"student": 21, "entity": 16}}, {"model": "gamification.membership", "pk": 19, "fields": {"student": 22, "entity": 17}}, {"model": "gamification.entity", "pk": 2, "fields": {"course": 1}}, {"model": "gamification.entity", "pk": 3, "fields": {"course": 1}}, {"model": "gamification.entity", "pk": 4, "fields": {"course": 1}}, {"model": "gamification.entity", "pk": 5, "fields": {"course": 1}}, {"model": "gamification.entity", "pk": 12, "fields": {"course": 1}}, {"model": "gamification.entity", "pk": 13, "fields": {"course": 1}}, {"model": "gamification.entity", "pk": 14, "fields": {"course": 1}}, {"model": "gamification.entity", "pk": 15, "fields": {"course": 1}}, {"model": "gamification.entity", "pk": 16, "fields": {"course": 1}}, {"model": "gamification.entity", "pk": 17, "fields": {"course": 1}}, {"model": "gamification.team", "pk": 2, "fields": {"name": "T1"}}, {"model": "gamification.team", "pk": 3, "fields": {"name": "T2"}}, {"model": "gamification.team", "pk": 4, "fields": {"name": "T3"}}, {"model": "gamification.team", "pk": 5, "fields": {"name": "T4"}}, {"model": "gamification.team", "pk": 12, "fields": {"name": "T5"}}, {"model": "gamification.team", "pk": 13, "fields": {"name": "T6"}}, {"model": "gamification.team", "pk": 14, "fields": {"name": "T7"}}, {"model": "gamification.team", "pk": 15, "fields": {"name": "T8"}}, {"model": "gamification.team", "pk": 16, "fields": {"name": "T9"}}, {"model": "gamification.team", "pk": 17, "fields": {"name": "T10"}}, {"model": "gamification.customuser", "pk": 1, "fields": {"password": "pbkdf2_sha256$260000$xHt21bwgdmyPIzbthLXusT$pejrVGOlGANhWeVsldFEoZK2To27CqtX+qYusk1mGcg=", "last_login": "2022-07-08T05:08:22Z", "is_superuser": true, "andrew_id": "admin1", "image": "", "first_name": "One", "last_name": "Admin", "email": "admin1@example.com", "is_staff": true, "is_active": true, "date_joined": "2022-07-08T05:08:05Z", "groups": [], "user_permissions": []}}, {"model": "gamification.customuser", "pk": 2, "fields": {"password": "pbkdf2_sha256$260000$zqZj2DBbKdHuq7xvKOJWPy$c4C0fL9rvPxbX2kQreKlVBi7l43JLbL0q8p6MOCxfcg=", "last_login": null, "is_superuser": false, "andrew_id": "admin2", "image": "", "first_name": "Two", "last_name": "Admin", "email": "admin2@example.com", "is_staff": true, "is_active": true, "date_joined": "2022-07-08T05:09:07Z", "groups": [], "user_permissions": []}}, {"model": "gamification.customuser", "pk": 3, "fields": {"password": "pbkdf2_sha256$260000$X2I0ZkN0GriBlk3S79FhEe$Ij/+eEHQ+F13dDGrHWZLZ4c1vLK/zXjFceyVaDPQbX0=", "last_login": null, "is_superuser": false, "andrew_id": "user1", "image": "", "first_name": "One", "last_name": "User", "email": "user1@example.com", "is_staff": false, "is_active": true, "date_joined": "2022-07-08T05:09:38Z", "groups": [], "user_permissions": []}}, {"model": "gamification.customuser", "pk": 4, "fields": {"password": "pbkdf2_sha256$260000$XaQcjaWcTb2x3Vn07zuGFU$a6z7P2z9k/JTQ//5zTxPO1vFrGLNJCnjQFbHDySebQ8=", "last_login": null, "is_superuser": false, "andrew_id": "user2", "image": "", "first_name": "Two", "last_name": "User", "email": "user2@example.com", "is_staff": false, "is_active": true, "date_joined": "2022-07-08T05:09:53Z", "groups": [], "user_permissions": []}}, {"model": "gamification.customuser", "pk": 5, "fields": {"password": "pbkdf2_sha256$260000$d8SDWOTGhGJnsgWp1LzlmF$1cQPocGgVDS3iXG9/HlqCW63SstLrVzhvdfIqkO8o8A=", "last_login": null, "is_superuser": false, "andrew_id": "user3", "image": "", "first_name": "Three", "last_name": "User", "email": "user3@example.com", "is_staff": false, "is_active": true, "date_joined": "2022-07-08T05:10:10Z", "groups": [], "user_permissions": []}}, {"model": "gamification.customuser", "pk": 6, "fields": {"password": "pbkdf2_sha256$260000$nCDEEp5bxfSWTL9hIfWPV7$NVExQXepgpMUsQA88RNnMyMabNjQVwr8ixvNxsVipqk=", "last_login": null, "is_superuser": false, "andrew_id": "user4", "image": "", "first_name": "Four", "last_name": "User", "email": "user4@example.com", "is_staff": false, "is_active": true, "date_joined": "2022-07-08T05:10:25Z", "groups": [], "user_permissions": []}}, {"model": "gamification.customuser", "pk": 13, "fields": {"password": "pbkdf2_sha256$260000$SaHVa2goVp1Di1HwLrgizm$ygh1sf8SEcZeBGo7xMDDRIOknOwxQkMrIoSXW47jNxM=", "last_login": null, "is_superuser": false, "andrew_id": "user5", "image": "", "first_name": "", "last_name": "", "email": "user5@andrew.cmu.edu", "is_staff": false, "is_active": true, "date_joined": "2023-03-07T22:14:15.398Z", "groups": [], "user_permissions": []}}, {"model": "gamification.customuser", "pk": 14, "fields": {"password": "pbkdf2_sha256$260000$gefOyewj1GvgzmYafjhlrf$HToou3EHdzMzmAAHPJypmDtcUvlHs9B6lshCCxs9aNk=", "last_login": null, "is_superuser": false, "andrew_id": "user6", "image": "", "first_name": "", "last_name": "", "email": "user6@andrew.cmu.edu", "is_staff": false, "is_active": true, "date_joined": "2023-03-07T22:14:34.976Z", "groups": [], "user_permissions": []}}, {"model": "gamification.customuser", "pk": 15, "fields": {"password": "pbkdf2_sha256$260000$hzA7Dbi43IrmJx3JtTbTk6$1lD2zYkDaQgAfbT86zU2ENZOi/59pyMgRpfKl1kmc4w=", "last_login": null, "is_superuser": false, "andrew_id": "user7", "image": "", "first_name": "", "last_name": "", "email": "user7@andrew.cmu.edu", "is_staff": false, "is_active": true, "date_joined": "2023-03-07T22:14:50.246Z", "groups": [], "user_permissions": []}}, {"model": "gamification.customuser", "pk": 16, "fields": {"password": "pbkdf2_sha256$260000$U9mRVpsKfDxGgIwVhM422k$S8TKqMFHb7R6BWUUWBUFt4tmOrK/x07/C5gUD3KJTQY=", "last_login": null, "is_superuser": false, "andrew_id": "user8", "image": "", "first_name": "", "last_name": "", "email": "user8@andrew.cmu.edu", "is_staff": false, "is_active": true, "date_joined": "2023-03-07T22:14:58.370Z", "groups": [], "user_permissions": []}}, {"model": "gamification.customuser", "pk": 17, "fields": {"password": "pbkdf2_sha256$260000$gN5ROTCZCqCaunm899oXL2$mZQPAPE0XusyfI39Vqdrt28HU/iymqh0/XZRguHj6SA=", "last_login": null, "is_superuser": false, "andrew_id": "user9", "image": "", "first_name": "", "last_name": "", "email": "user9@andrew.cmu.edu", "is_staff": false, "is_active": true, "date_joined": "2023-03-07T22:15:05.799Z", "groups": [], "user_permissions": []}}, {"model": "gamification.customuser", "pk": 18, "fields": {"password": "pbkdf2_sha256$260000$Fsxxg4A59GtRkXniCGJhVS$LKFIWdN4K7d/BxDUdI2avOIWlU+ww7m+bRIi3D0qva0=", "last_login": null, "is_superuser": false, "andrew_id": "user10", "image": "", "first_name": "", "last_name": "", "email": "user10@andrew.cmu.edu", "is_staff": false, "is_active": true, "date_joined": "2023-03-07T22:15:14.005Z", "groups": [], "user_permissions": []}}, {"model": "gamification.registration", "pk": 1, "fields": {"users": 1, "courses": 1, "userRole": "Instructor"}}, {"model": "gamification.registration", "pk": 2, "fields": {"users": 2, "courses": 2, "userRole": "Instructor"}}, {"model": "gamification.registration", "pk": 3, "fields": {"users": 2, "courses": 3, "userRole": "Instructor"}}, {"model": "gamification.registration", "pk": 4, "fields": {"users": 1, "courses": 4, "userRole": "Instructor"}}, {"model": "gamification.registration", "pk": 5, "fields": {"users": 1, "courses": 5, "userRole": "Instructor"}}, {"model": "gamification.registration", "pk": 6, "fields": {"users": 2, "courses": 5, "userRole": "Instructor"}}, {"model": "gamification.registration", "pk": 7, "fields": {"users": 3, "courses": 1, "userRole": "Student"}}, {"model": "gamification.registration", "pk": 8, "fields": {"users": 4, "courses": 1, "userRole": "Student"}}, {"model": "gamification.registration", "pk": 9, "fields": {"users": 5, "courses": 1, "userRole": "Student"}}, {"model": "gamification.registration", "pk": 10, "fields": {"users": 6, "courses": 1, "userRole": "Student"}}, {"model": "gamification.registration", "pk": 17, "fields": {"users": 13, "courses": 1, "userRole": "Student"}}, {"model": "gamification.registration", "pk": 18, "fields": {"users": 14, "courses": 1, "userRole": "Student"}}, {"model": "gamification.registration", "pk": 19, "fields": {"users": 15, "courses": 1, "userRole": "Student"}}, {"model": "gamification.registration", "pk": 20, "fields": {"users": 16, "courses": 1, "userRole": "Student"}}, {"model": "gamification.registration", "pk": 21, "fields": {"users": 17, "courses": 1, "userRole": "Student"}}, {"model": "gamification.registration", "pk": 22, "fields": {"users": 18, "courses": 1, "userRole": "Student"}}, {"model": "gamification.course", "pk": 1, "fields": {"course_number": "18652", "course_name": "Foundations of Software Engineering", "syllabus": "In this course, you will learn about software engineering paradigms that have shaped the software industry over the past few decades. You will be exposed to fundamental disciplines of software engineering as well as engineering practices that crosscut system, project, and user perspectives. You will learn to iteratively define requirements, and architect, design, implement, integrate, test, and deploy a solution. You will work on self-organizing teams and manage the work collaboratively. You will also learn to solve a real problem subject to multiple constraints while keeping the stakeholders involved throughout the lifecycle and balancing the underlying engineering tradeoffs. The topics are applied in the context of a semester-long group project. Please note that this course is intended for ECE master students with a concentration in Software Engineering and will satisfy the \"Software Engineering and Design\" course area requirement. Students should be familiar with basic software development experience with proficiency in at least one modern programming language and modern programming concepts. Prior to admission, students must successful complete a programming assignment to demonstrate familiarity with required software technologies.", "semester": "Fall 2021", "visible": true, "picture": ""}}, {"model": "gamification.course", "pk": 2, "fields": {"course_number": "18668", "course_name": "Data Science for Software Engineering", "syllabus": "Building, operating and maintaining software systems generate large and diverse sets of data that capture process, product, and project information. As software systems and processes used to create them increase in complexity, software engineers, development teams, and engineering managers must rely on data-driven decisions to handle problems that arise from the system conception to its maintenance. This course applies data science techniques in the context of software engineering (SE). The richness and volume of data available make techniques rooted in machine learning and optimization particularly suitable in this context with many practical applications. The main focus of the course is on applications of machine learning, but also covering optimization techniques. Students will learn (1) how to solve SE problems through a data-driven approach, and (2) how to bootstrap SE principles to implement and evaluate data-driven applications. Applications include generation of requirement specifications, automatic code documentation; software project cost estimation; software quality prediction; semi-automatic refactoring; requirements and defect prioritization, automatic bug assignment and test cases generation. A variety of data science techniques will be used, including deep learning, supervised and semi-supervised learning, search-based methods, and topic modeling. At the end of the course, students are expected to (i) identify SE problems that can be addressed by data science techniques; (ii) identify the sources and nature of the data needed to solve these problems; (iii) choose the proper combinations of data science techniques to solve them; (iv) design, implement, and test data science applications using sound SE principles.", "semester": "Spring 2022", "visible": true, "picture": ""}}, {"model": "gamification.course", "pk": 3, "fields": {"course_number": "18661", "course_name": "Introduction to Machine Learning for Engineers", "syllabus": "This course provides an introduction to machine learning with a special focus on engineering applications. The course starts with a mathematical background required for machine learning and covers approaches for supervised learning (linear models, kernel methods, decision trees, neural networks) and unsupervised learning (clustering, dimensionality reduction), as well as theoretical foundations of machine learning (learning theory, optimization). Evaluation will consist of mathematical problem sets and programming projects targeting real-world engineering applications. This course is crosslisted with 18-461. ECE graduate students will be prioritized for 18-661, and ECE undergraduate students will be prioritized for 18-461. Although students in 18-461 will share lectures with students in 18-661, students in 18-461 will receive distinct homework assignments, distinct programming projects, and distinct exams from the ones given to students in 18-661. Specifically, the homework assignments, programming projects, and exams that are given to the 18-661 students will be more challenging than those given to the 18-461 students.", "semester": "Spring 2024", "visible": false, "picture": ""}}, {"model": "gamification.course", "pk": 4, "fields": {"course_number": "18749", "course_name": "Building Reliable Distributed Systems", "syllabus": "The course provides an in-depth and hands-on overview of designing and developing reliable distributed systems, throughout a system?s lifecycle, starting from fault-tolerant design and execution (replication, group communication, databases) to fault-recovery (fault-detection, logging, check-pointing, failure-diagnosis) for various classes of faults (crashes, communication errors, software upgrades). The course will cover real-world practices for reliability, supplemented by case studies of large-scale downtime incidents. The concepts will be taught in the context of contemporary cloud-computing platforms, and the course will include a hands-on project that involves the design, implementation and empirical evaluation of a reliable distributed cloud-based system. Students will be taught to write, review, and present a conference-style research paper by the end of the semester, with the goal of documenting the design, lessons learned and experimental results of their team project. Students can expect to learn about the reliability issues underlying cloud computing, the tools and best practices for implementing and evaluating reliability, and the strengths and weaknesses of current cloud-computing platforms from the perspective of reliability.", "semester": "Summer 2024", "visible": false, "picture": ""}}, {"model": "gamification.course", "pk": 5, "fields": {"course_number": "18664", "course_name": "Software Refactoring", "syllabus": "Refactoring aims to improve the system's structural quality without changing its behavior. It is essential practice to guarantee programs' longevity since maintenance activities often degrade the system structure. Thus, it is in the software companies' best interests to ensure that developers know how to refactor their systems. Unfortunately, refactoring is not a trivial task; it can change the entire system structure! Undesirable effects can occur if developers do not know how to carry on these changes. They can degrade the structural quality and even introduce defects.\r\n\r\nThe focus of the course is to learn how to confidently apply refactoring operations. Students will learn to apply refactoring for different granularity levels in a software system and additional resources such as APIs, databases, and test code. By the end of the course, students are expected to (i) recognize symptoms in the source code that warrant refactoring; (ii) apply refactoring at the architectural level and code level; (iii) evaluate the impact of the applied refactoring operations, (iv) design, implement, and deploy a tool to support software refactoring.\r\n\r\nThis course is especially intended for ECE students pursuing a Master of Science degree in Software Engineering.", "semester": "Spring 2022", "visible": true, "picture": ""}}, {"model": "gamification.feedbacksurvey", "pk": 1, "fields": {"template": 2, "assignment": 1, "date_created": "2023-03-07T21:48:20.433Z", "date_released": "2023-03-07T21:48:00Z", "date_due": "2023-03-07T21:48:00Z"}}, {"model": "gamification.assignment", "pk": 1, "fields": {"course": 1, "assignment_name": "Chat Room Iteration 1", "description": "Implement a simple FSE Chat Room application. The system should allow a user to perform the following functions:\r\n1. Register for the chat room with a new username (one that does not already exist) and password\r\n2. Enter the chat room (Login) with his/her username and password\r\n3. See other users chat messages\r\n4. Post a chat message \r\n5. Leave the chat room gracefully (Logout) without simply closing the browser tab", "assignment_type": "Team", "submission_type": "URL", "total_score": 100.0, "weight": 0.25, "date_created": "2022-07-08T10:16:55Z", "date_released": "2022-07-10T00:00:00Z", "date_due": "2022-07-23T23:59:59Z", "review_assign_policy": "A"}}, {"model": "gamification.assignment", "pk": 2, "fields": {"course": 1, "assignment_name": "Chat Room Iteration 2", "description": "Implement a simple FSE Chat Room application. The system should allow a user to perform the following functions:\r\n1. Register for the chat room with a new username (one that does not already exist) and password\r\n2. Enter the chat room (Login) with his/her username and password\r\n3. See other users chat messages\r\n4. Post a chat message \r\n5. Leave the chat room gracefully (Logout) without simply closing the browser tab", "assignment_type": "Team", "submission_type": "URL", "total_score": 100.0, "weight": 0.4, "date_created": "2022-07-08T10:27:49Z", "date_released": "2022-07-24T00:00:00Z", "date_due": "2022-08-07T23:59:59Z", "review_assign_policy": "A"}}, {"model": "gamification.assignment", "pk": 3, "fields": {"course": 1, "assignment_name": "Final Exam", "description": "The total point of the final exam is 70, which takes 35% in the final grade. There are a total of 13 Problems and 10 pages in this exam.", "assignment_type": "Individual", "submission_type": "Text", "total_score": 70.0, "weight": 0.35, "date_created": "2022-07-08T10:30:56Z", "date_released": "2022-08-09T00:00:00Z", "date_due": "2022-08-11T23:59:59Z", "review_assign_policy": "A"}}, {"model": "gamification.optionchoice", "pk": 1, "fields": {"text": "strongly disagree"}}, {"model": "gamification.optionchoice", "pk": 2, "fields": {"text": "disagree"}}, {"model": "gamification.optionchoice", "pk": 3, "fields": {"text": "neutral"}}, {"model": "gamification.optionchoice", "pk": 4, "fields": {"text": "agree"}}, {"model": "gamification.optionchoice", "pk": 5, "fields": {"text": "strongly agree"}}, {"model": "gamification.optionchoice", "pk": 6, "fields": {"text": ""}}, {"model": "gamification.questionoption", "pk": 1, "fields": {"question": 1, "option_choice": 1, "number_of_text": 1}}, {"model": "gamification.questionoption", "pk": 2, "fields": {"question": 1, "option_choice": 2, "number_of_text": 1}}, {"model": "gamification.questionoption", "pk": 3, "fields": {"question": 1, "option_choice": 3, "number_of_text": 1}}, {"model": "gamification.questionoption", "pk": 4, "fields": {"question": 1, "option_choice": 4, "number_of_text": 1}}, {"model": "gamification.questionoption", "pk": 5, "fields": {"question": 1, "option_choice": 5, "number_of_text": 1}}, {"model": "gamification.questionoption", "pk": 6, "fields": {"question": 2, "option_choice": 1, "number_of_text": 1}}, {"model": "gamification.questionoption", "pk": 7, "fields": {"question": 2, "option_choice": 2, "number_of_text": 1}}, {"model": "gamification.questionoption", "pk": 8, "fields": {"question": 2, "option_choice": 3, "number_of_text": 1}}, {"model": "gamification.questionoption", "pk": 9, "fields": {"question": 2, "option_choice": 4, "number_of_text": 1}}, {"model": "gamification.questionoption", "pk": 10, "fields": {"question": 2, "option_choice": 5, "number_of_text": 1}}, {"model": "gamification.questionoption", "pk": 11, "fields": {"question": 3, "option_choice": 1, "number_of_text": 1}}, {"model": "gamification.questionoption", "pk": 12, "fields": {"question": 3, "option_choice": 2, "number_of_text": 1}}, {"model": "gamification.questionoption", "pk": 13, "fields": {"question": 3, "option_choice": 3, "number_of_text": 1}}, {"model": "gamification.questionoption", "pk": 14, "fields": {"question": 3, "option_choice": 4, "number_of_text": 1}}, {"model": "gamification.questionoption", "pk": 15, "fields": {"question": 3, "option_choice": 5, "number_of_text": 1}}, {"model": "gamification.questionoption", "pk": 16, "fields": {"question": 4, "option_choice": 1, "number_of_text": 1}}, {"model": "gamification.questionoption", "pk": 17, "fields": {"question": 4, "option_choice": 2, "number_of_text": 1}}, {"model": "gamification.questionoption", "pk": 18, "fields": {"question": 4, "option_choice": 3, "number_of_text": 1}}, {"model": "gamification.questionoption", "pk": 19, "fields": {"question": 4, "option_choice": 4, "number_of_text": 1}}, {"model": "gamification.questionoption", "pk": 20, "fields": {"question": 4, "option_choice": 5, "number_of_text": 1}}, {"model": "gamification.questionoption", "pk": 21, "fields": {"question": 5, "option_choice": 1, "number_of_text": 1}}, {"model": "gamification.questionoption", "pk": 22, "fields": {"question": 5, "option_choice": 2, "number_of_text": 1}}, {"model": "gamification.questionoption", "pk": 23, "fields": {"question": 5, "option_choice": 3, "number_of_text": 1}}, {"model": "gamification.questionoption", "pk": 24, "fields": {"question": 5, "option_choice": 4, "number_of_text": 1}}, {"model": "gamification.questionoption", "pk": 25, "fields": {"question": 5, "option_choice": 5, "number_of_text": 1}}, {"model": "gamification.questionoption", "pk": 26, "fields": {"question": 6, "option_choice": 1, "number_of_text": 1}}, {"model": "gamification.questionoption", "pk": 27, "fields": {"question": 6, "option_choice": 2, "number_of_text": 1}}, {"model": "gamification.questionoption", "pk": 28, "fields": {"question": 6, "option_choice": 3, "number_of_text": 1}}, {"model": "gamification.questionoption", "pk": 29, "fields": {"question": 6, "option_choice": 4, "number_of_text": 1}}, {"model": "gamification.questionoption", "pk": 30, "fields": {"question": 6, "option_choice": 5, "number_of_text": 1}}, {"model": "gamification.questionoption", "pk": 31, "fields": {"question": 7, "option_choice": 1, "number_of_text": 1}}, {"model": "gamification.questionoption", "pk": 32, "fields": {"question": 7, "option_choice": 2, "number_of_text": 1}}, {"model": "gamification.questionoption", "pk": 33, "fields": {"question": 7, "option_choice": 3, "number_of_text": 1}}, {"model": "gamification.questionoption", "pk": 34, "fields": {"question": 7, "option_choice": 4, "number_of_text": 1}}, {"model": "gamification.questionoption", "pk": 35, "fields": {"question": 7, "option_choice": 5, "number_of_text": 1}}, {"model": "gamification.questionoption", "pk": 36, "fields": {"question": 10, "option_choice": 1, "number_of_text": 1}}, {"model": "gamification.questionoption", "pk": 37, "fields": {"question": 10, "option_choice": 2, "number_of_text": 1}}, {"model": "gamification.questionoption", "pk": 38, "fields": {"question": 10, "option_choice": 3, "number_of_text": 1}}, {"model": "gamification.questionoption", "pk": 39, "fields": {"question": 10, "option_choice": 4, "number_of_text": 1}}, {"model": "gamification.questionoption", "pk": 40, "fields": {"question": 10, "option_choice": 5, "number_of_text": 1}}, {"model": "gamification.questionoption", "pk": 41, "fields": {"question": 11, "option_choice": 1, "number_of_text": 1}}, {"model": "gamification.questionoption", "pk": 42, "fields": {"question": 11, "option_choice": 2, "number_of_text": 1}}, {"model": "gamification.questionoption", "pk": 43, "fields": {"question": 11, "option_choice": 3, "number_of_text": 1}}, {"model": "gamification.questionoption", "pk": 44, "fields": {"question": 11, "option_choice": 4, "number_of_text": 1}}, {"model": "gamification.questionoption", "pk": 45, "fields": {"question": 11, "option_choice": 5, "number_of_text": 1}}, {"model": "gamification.questionoption", "pk": 46, "fields": {"question": 12, "option_choice": 1, "number_of_text": 1}}, {"model": "gamification.questionoption", "pk": 47, "fields": {"question": 12, "option_choice": 2, "number_of_text": 1}}, {"model": "gamification.questionoption", "pk": 48, "fields": {"question": 12, "option_choice": 3, "number_of_text": 1}}, {"model": "gamification.questionoption", "pk": 49, "fields": {"question": 12, "option_choice": 4, "number_of_text": 1}}, {"model": "gamification.questionoption", "pk": 50, "fields": {"question": 12, "option_choice": 5, "number_of_text": 1}}, {"model": "gamification.questionoption", "pk": 51, "fields": {"question": 13, "option_choice": 1, "number_of_text": 1}}, {"model": "gamification.questionoption", "pk": 52, "fields": {"question": 13, "option_choice": 2, "number_of_text": 1}}, {"model": "gamification.questionoption", "pk": 53, "fields": {"question": 13, "option_choice": 3, "number_of_text": 1}}, {"model": "gamification.questionoption", "pk": 54, "fields": {"question": 13, "option_choice": 4, "number_of_text": 1}}, {"model": "gamification.questionoption", "pk": 55, "fields": {"question": 13, "option_choice": 5, "number_of_text": 1}}, {"model": "gamification.questionoption", "pk": 56, "fields": {"question": 14, "option_choice": 1, "number_of_text": 1}}, {"model": "gamification.questionoption", "pk": 57, "fields": {"question": 14, "option_choice": 2, "number_of_text": 1}}, {"model": "gamification.questionoption", "pk": 58, "fields": {"question": 14, "option_choice": 3, "number_of_text": 1}}, {"model": "gamification.questionoption", "pk": 59, "fields": {"question": 14, "option_choice": 4, "number_of_text": 1}}, {"model": "gamification.questionoption", "pk": 60, "fields": {"question": 14, "option_choice": 5, "number_of_text": 1}}, {"model": "gamification.questionoption", "pk": 61, "fields": {"question": 15, "option_choice": 1, "number_of_text": 1}}, {"model": "gamification.questionoption", "pk": 62, "fields": {"question": 15, "option_choice": 2, "number_of_text": 1}}, {"model": "gamification.questionoption", "pk": 63, "fields": {"question": 15, "option_choice": 3, "number_of_text": 1}}, {"model": "gamification.questionoption", "pk": 64, "fields": {"question": 15, "option_choice": 4, "number_of_text": 1}}, {"model": "gamification.questionoption", "pk": 65, "fields": {"question": 15, "option_choice": 5, "number_of_text": 1}}, {"model": "gamification.questionoption", "pk": 66, "fields": {"question": 16, "option_choice": 1, "number_of_text": 1}}, {"model": "gamification.questionoption", "pk": 67, "fields": {"question": 16, "option_choice": 2, "number_of_text": 1}}, {"model": "gamification.questionoption", "pk": 68, "fields": {"question": 16, "option_choice": 3, "number_of_text": 1}}, {"model": "gamification.questionoption", "pk": 69, "fields": {"question": 16, "option_choice": 4, "number_of_text": 1}}, {"model": "gamification.questionoption", "pk": 70, "fields": {"question": 16, "option_choice": 5, "number_of_text": 1}}, {"model": "gamification.questionoption", "pk": 71, "fields": {"question": 17, "option_choice": 1, "number_of_text": 1}}, {"model": "gamification.questionoption", "pk": 72, "fields": {"question": 17, "option_choice": 2, "number_of_text": 1}}, {"model": "gamification.questionoption", "pk": 73, "fields": {"question": 17, "option_choice": 3, "number_of_text": 1}}, {"model": "gamification.questionoption", "pk": 74, "fields": {"question": 17, "option_choice": 4, "number_of_text": 1}}, {"model": "gamification.questionoption", "pk": 75, "fields": {"question": 17, "option_choice": 5, "number_of_text": 1}}, {"model": "gamification.questionoption", "pk": 76, "fields": {"question": 18, "option_choice": 1, "number_of_text": 1}}, {"model": "gamification.questionoption", "pk": 77, "fields": {"question": 18, "option_choice": 2, "number_of_text": 1}}, {"model": "gamification.questionoption", "pk": 78, "fields": {"question": 18, "option_choice": 3, "number_of_text": 1}}, {"model": "gamification.questionoption", "pk": 79, "fields": {"question": 18, "option_choice": 4, "number_of_text": 1}}, {"model": "gamification.questionoption", "pk": 80, "fields": {"question": 18, "option_choice": 5, "number_of_text": 1}}, {"model": "gamification.questionoption", "pk": 81, "fields": {"question": 19, "option_choice": 1, "number_of_text": 1}}, {"model": "gamification.questionoption", "pk": 82, "fields": {"question": 19, "option_choice": 2, "number_of_text": 1}}, {"model": "gamification.questionoption", "pk": 83, "fields": {"question": 19, "option_choice": 3, "number_of_text": 1}}, {"model": "gamification.questionoption", "pk": 84, "fields": {"question": 19, "option_choice": 4, "number_of_text": 1}}, {"model": "gamification.questionoption", "pk": 85, "fields": {"question": 19, "option_choice": 5, "number_of_text": 1}}, {"model": "gamification.questionoption", "pk": 86, "fields": {"question": 20, "option_choice": 1, "number_of_text": 1}}, {"model": "gamification.questionoption", "pk": 87, "fields": {"question": 20, "option_choice": 2, "number_of_text": 1}}, {"model": "gamification.questionoption", "pk": 88, "fields": {"question": 20, "option_choice": 3, "number_of_text": 1}}, {"model": "gamification.questionoption", "pk": 89, "fields": {"question": 20, "option_choice": 4, "number_of_text": 1}}, {"model": "gamification.questionoption", "pk": 90, "fields": {"question": 20, "option_choice": 5, "number_of_text": 1}}, {"model": "gamification.questionoption", "pk": 91, "fields": {"question": 21, "option_choice": 1, "number_of_text": 1}}, {"model": "gamification.questionoption", "pk": 92, "fields": {"question": 21, "option_choice": 2, "number_of_text": 1}}, {"model": "gamification.questionoption", "pk": 93, "fields": {"question": 21, "option_choice": 3, "number_of_text": 1}}, {"model": "gamification.questionoption", "pk": 94, "fields": {"question": 21, "option_choice": 4, "number_of_text": 1}}, {"model": "gamification.questionoption", "pk": 95, "fields": {"question": 21, "option_choice": 5, "number_of_text": 1}}, {"model": "gamification.questionoption", "pk": 96, "fields": {"question": 22, "option_choice": 1, "number_of_text": 1}}, {"model": "gamification.questionoption", "pk": 97, "fields": {"question": 22, "option_choice": 2, "number_of_text": 1}}, {"model": "gamification.questionoption", "pk": 98, "fields": {"question": 22, "option_choice": 3, "number_of_text": 1}}, {"model": "gamification.questionoption", "pk": 99, "fields": {"question": 22, "option_choice": 4, "number_of_text": 1}}, {"model": "gamification.questionoption", "pk": 100, "fields": {"question": 22, "option_choice": 5, "number_of_text": 1}}, {"model": "gamification.questionoption", "pk": 101, "fields": {"question": 23, "option_choice": 1, "number_of_text": 1}}, {"model": "gamification.questionoption", "pk": 102, "fields": {"question": 23, "option_choice": 2, "number_of_text": 1}}, {"model": "gamification.questionoption", "pk": 103, "fields": {"question": 23, "option_choice": 3, "number_of_text": 1}}, {"model": "gamification.questionoption", "pk": 104, "fields": {"question": 23, "option_choice": 4, "number_of_text": 1}}, {"model": "gamification.questionoption", "pk": 105, "fields": {"question": 23, "option_choice": 5, "number_of_text": 1}}, {"model": "gamification.questionoption", "pk": 106, "fields": {"question": 24, "option_choice": 1, "number_of_text": 1}}, {"model": "gamification.questionoption", "pk": 107, "fields": {"question": 24, "option_choice": 2, "number_of_text": 1}}, {"model": "gamification.questionoption", "pk": 108, "fields": {"question": 24, "option_choice": 3, "number_of_text": 1}}, {"model": "gamification.questionoption", "pk": 109, "fields": {"question": 24, "option_choice": 4, "number_of_text": 1}}, {"model": "gamification.questionoption", "pk": 110, "fields": {"question": 24, "option_choice": 5, "number_of_text": 1}}, {"model": "gamification.questionoption", "pk": 111, "fields": {"question": 25, "option_choice": 1, "number_of_text": 1}}, {"model": "gamification.questionoption", "pk": 112, "fields": {"question": 25, "option_choice": 2, "number_of_text": 1}}, {"model": "gamification.questionoption", "pk": 113, "fields": {"question": 25, "option_choice": 3, "number_of_text": 1}}, {"model": "gamification.questionoption", "pk": 114, "fields": {"question": 25, "option_choice": 4, "number_of_text": 1}}, {"model": "gamification.questionoption", "pk": 115, "fields": {"question": 25, "option_choice": 5, "number_of_text": 1}}, {"model": "gamification.questionoption", "pk": 116, "fields": {"question": 26, "option_choice": 1, "number_of_text": 1}}, {"model": "gamification.questionoption", "pk": 117, "fields": {"question": 26, "option_choice": 2, "number_of_text": 1}}, {"model": "gamification.questionoption", "pk": 118, "fields": {"question": 26, "option_choice": 3, "number_of_text": 1}}, {"model": "gamification.questionoption", "pk": 119, "fields": {"question": 26, "option_choice": 4, "number_of_text": 1}}, {"model": "gamification.questionoption", "pk": 120, "fields": {"question": 26, "option_choice": 5, "number_of_text": 1}}, {"model": "gamification.questionoption", "pk": 121, "fields": {"question": 27, "option_choice": 1, "number_of_text": 1}}, {"model": "gamification.questionoption", "pk": 122, "fields": {"question": 27, "option_choice": 2, "number_of_text": 1}}, {"model": "gamification.questionoption", "pk": 123, "fields": {"question": 27, "option_choice": 3, "number_of_text": 1}}, {"model": "gamification.questionoption", "pk": 124, "fields": {"question": 27, "option_choice": 4, "number_of_text": 1}}, {"model": "gamification.questionoption", "pk": 125, "fields": {"question": 27, "option_choice": 5, "number_of_text": 1}}, {"model": "gamification.questionoption", "pk": 126, "fields": {"question": 28, "option_choice": 1, "number_of_text": 1}}, {"model": "gamification.questionoption", "pk": 127, "fields": {"question": 28, "option_choice": 2, "number_of_text": 1}}, {"model": "gamification.questionoption", "pk": 128, "fields": {"question": 28, "option_choice": 3, "number_of_text": 1}}, {"model": "gamification.questionoption", "pk": 129, "fields": {"question": 28, "option_choice": 4, "number_of_text": 1}}, {"model": "gamification.questionoption", "pk": 130, "fields": {"question": 28, "option_choice": 5, "number_of_text": 1}}, {"model": "gamification.questionoption", "pk": 131, "fields": {"question": 29, "option_choice": 1, "number_of_text": 1}}, {"model": "gamification.questionoption", "pk": 132, "fields": {"question": 29, "option_choice": 2, "number_of_text": 1}}, {"model": "gamification.questionoption", "pk": 133, "fields": {"question": 29, "option_choice": 3, "number_of_text": 1}}, {"model": "gamification.questionoption", "pk": 134, "fields": {"question": 29, "option_choice": 4, "number_of_text": 1}}, {"model": "gamification.questionoption", "pk": 135, "fields": {"question": 29, "option_choice": 5, "number_of_text": 1}}, {"model": "gamification.questionoption", "pk": 136, "fields": {"question": 31, "option_choice": 6, "number_of_text": 3}}, {"model": "gamification.questionoption", "pk": 137, "fields": {"question": 32, "option_choice": 6, "number_of_text": 3}}, {"model": "gamification.questionoption", "pk": 138, "fields": {"question": 33, "option_choice": 6, "number_of_text": 2}}, {"model": "gamification.questionoption", "pk": 139, "fields": {"question": 30, "option_choice": 6, "number_of_text": 1}}, {"model": "gamification.questionoption", "pk": 140, "fields": {"question": 34, "option_choice": 6, "number_of_text": 1}}, {"model": "gamification.questionoption", "pk": 141, "fields": {"question": 35, "option_choice": 6, "number_of_text": 1}}, {"model": "gamification.questionoption", "pk": 142, "fields": {"question": 36, "option_choice": 6, "number_of_text": 1}}, {"model": "gamification.questionoption", "pk": 143, "fields": {"question": 37, "option_choice": 6, "number_of_text": 1}}, {"model": "gamification.questionoption", "pk": 144, "fields": {"question": 38, "option_choice": 6, "number_of_text": 1}}, {"model": "gamification.questionoption", "pk": 145, "fields": {"question": 39, "option_choice": 6, "number_of_text": 1}}, {"model": "gamification.questionoption", "pk": 146, "fields": {"question": 40, "option_choice": 1, "number_of_text": 1}}, {"model": "gamification.questionoption", "pk": 147, "fields": {"question": 40, "option_choice": 2, "number_of_text": 1}}, {"model": "gamification.questionoption", "pk": 148, "fields": {"question": 40, "option_choice": 3, "number_of_text": 1}}, {"model": "gamification.questionoption", "pk": 149, "fields": {"question": 40, "option_choice": 4, "number_of_text": 1}}, {"model": "gamification.questionoption", "pk": 150, "fields": {"question": 40, "option_choice": 5, "number_of_text": 1}}, {"model": "gamification.questionoption", "pk": 151, "fields": {"question": 41, "option_choice": 1, "number_of_text": 1}}, {"model": "gamification.questionoption", "pk": 152, "fields": {"question": 41, "option_choice": 2, "number_of_text": 1}}, {"model": "gamification.questionoption", "pk": 153, "fields": {"question": 41, "option_choice": 3, "number_of_text": 1}}, {"model": "gamification.questionoption", "pk": 154, "fields": {"question": 41, "option_choice": 4, "number_of_text": 1}}, {"model": "gamification.questionoption", "pk": 155, "fields": {"question": 41, "option_choice": 5, "number_of_text": 1}}, {"model": "gamification.questionoption", "pk": 156, "fields": {"question": 42, "option_choice": 1, "number_of_text": 1}}, {"model": "gamification.questionoption", "pk": 157, "fields": {"question": 42, "option_choice": 2, "number_of_text": 1}}, {"model": "gamification.questionoption", "pk": 158, "fields": {"question": 42, "option_choice": 3, "number_of_text": 1}}, {"model": "gamification.questionoption", "pk": 159, "fields": {"question": 42, "option_choice": 4, "number_of_text": 1}}, {"model": "gamification.questionoption", "pk": 160, "fields": {"question": 42, "option_choice": 5, "number_of_text": 1}}, {"model": "gamification.questionoption", "pk": 161, "fields": {"question": 43, "option_choice": 1, "number_of_text": 1}}, {"model": "gamification.questionoption", "pk": 162, "fields": {"question": 43, "option_choice": 2, "number_of_text": 1}}, {"model": "gamification.questionoption", "pk": 163, "fields": {"question": 43, "option_choice": 3, "number_of_text": 1}}, {"model": "gamification.questionoption", "pk": 164, "fields": {"question": 43, "option_choice": 4, "number_of_text": 1}}, {"model": "gamification.questionoption", "pk": 165, "fields": {"question": 43, "option_choice": 5, "number_of_text": 1}}, {"model": "gamification.questionoption", "pk": 166, "fields": {"question": 44, "option_choice": 1, "number_of_text": 1}}, {"model": "gamification.questionoption", "pk": 167, "fields": {"question": 44, "option_choice": 2, "number_of_text": 1}}, {"model": "gamification.questionoption", "pk": 168, "fields": {"question": 44, "option_choice": 3, "number_of_text": 1}}, {"model": "gamification.questionoption", "pk": 169, "fields": {"question": 44, "option_choice": 4, "number_of_text": 1}}, {"model": "gamification.questionoption", "pk": 170, "fields": {"question": 44, "option_choice": 5, "number_of_text": 1}}, {"model": "gamification.questionoption", "pk": 171, "fields": {"question": 45, "option_choice": 1, "number_of_text": 1}}, {"model": "gamification.questionoption", "pk": 172, "fields": {"question": 45, "option_choice": 2, "number_of_text": 1}}, {"model": "gamification.questionoption", "pk": 173, "fields": {"question": 45, "option_choice": 3, "number_of_text": 1}}, {"model": "gamification.questionoption", "pk": 174, "fields": {"question": 45, "option_choice": 4, "number_of_text": 1}}, {"model": "gamification.questionoption", "pk": 175, "fields": {"question": 45, "option_choice": 5, "number_of_text": 1}}, {"model": "gamification.questionoption", "pk": 176, "fields": {"question": 46, "option_choice": 1, "number_of_text": 1}}, {"model": "gamification.questionoption", "pk": 177, "fields": {"question": 46, "option_choice": 2, "number_of_text": 1}}, {"model": "gamification.questionoption", "pk": 178, "fields": {"question": 46, "option_choice": 3, "number_of_text": 1}}, {"model": "gamification.questionoption", "pk": 179, "fields": {"question": 46, "option_choice": 4, "number_of_text": 1}}, {"model": "gamification.questionoption", "pk": 180, "fields": {"question": 46, "option_choice": 5, "number_of_text": 1}}, {"model": "gamification.questionoption", "pk": 181, "fields": {"question": 47, "option_choice": 1, "number_of_text": 1}}, {"model": "gamification.questionoption", "pk": 182, "fields": {"question": 47, "option_choice": 2, "number_of_text": 1}}, {"model": "gamification.questionoption", "pk": 183, "fields": {"question": 47, "option_choice": 3, "number_of_text": 1}}, {"model": "gamification.questionoption", "pk": 184, "fields": {"question": 47, "option_choice": 4, "number_of_text": 1}}, {"model": "gamification.questionoption", "pk": 185, "fields": {"question": 47, "option_choice": 5, "number_of_text": 1}}, {"model": "gamification.questionoption", "pk": 186, "fields": {"question": 48, "option_choice": 1, "number_of_text": 1}}, {"model": "gamification.questionoption", "pk": 187, "fields": {"question": 48, "option_choice": 2, "number_of_text": 1}}, {"model": "gamification.questionoption", "pk": 188, "fields": {"question": 48, "option_choice": 3, "number_of_text": 1}}, {"model": "gamification.questionoption", "pk": 189, "fields": {"question": 48, "option_choice": 4, "number_of_text": 1}}, {"model": "gamification.questionoption", "pk": 190, "fields": {"question": 48, "option_choice": 5, "number_of_text": 1}}, {"model": "gamification.questionoption", "pk": 191, "fields": {"question": 49, "option_choice": 1, "number_of_text": 1}}, {"model": "gamification.questionoption", "pk": 192, "fields": {"question": 49, "option_choice": 2, "number_of_text": 1}}, {"model": "gamification.questionoption", "pk": 193, "fields": {"question": 49, "option_choice": 3, "number_of_text": 1}}, {"model": "gamification.questionoption", "pk": 194, "fields": {"question": 49, "option_choice": 4, "number_of_text": 1}}, {"model": "gamification.questionoption", "pk": 195, "fields": {"question": 49, "option_choice": 5, "number_of_text": 1}}, {"model": "gamification.questionoption", "pk": 196, "fields": {"question": 50, "option_choice": 1, "number_of_text": 1}}, {"model": "gamification.questionoption", "pk": 197, "fields": {"question": 50, "option_choice": 2, "number_of_text": 1}}, {"model": "gamification.questionoption", "pk": 198, "fields": {"question": 50, "option_choice": 3, "number_of_text": 1}}, {"model": "gamification.questionoption", "pk": 199, "fields": {"question": 50, "option_choice": 4, "number_of_text": 1}}, {"model": "gamification.questionoption", "pk": 200, "fields": {"question": 50, "option_choice": 5, "number_of_text": 1}}, {"model": "gamification.questionoption", "pk": 201, "fields": {"question": 51, "option_choice": 1, "number_of_text": 1}}, {"model": "gamification.questionoption", "pk": 202, "fields": {"question": 51, "option_choice": 2, "number_of_text": 1}}, {"model": "gamification.questionoption", "pk": 203, "fields": {"question": 51, "option_choice": 3, "number_of_text": 1}}, {"model": "gamification.questionoption", "pk": 204, "fields": {"question": 51, "option_choice": 4, "number_of_text": 1}}, {"model": "gamification.questionoption", "pk": 205, "fields": {"question": 51, "option_choice": 5, "number_of_text": 1}}, {"model": "gamification.questionoption", "pk": 206, "fields": {"question": 52, "option_choice": 1, "number_of_text": 1}}, {"model": "gamification.questionoption", "pk": 207, "fields": {"question": 52, "option_choice": 2, "number_of_text": 1}}, {"model": "gamification.questionoption", "pk": 208, "fields": {"question": 52, "option_choice": 3, "number_of_text": 1}}, {"model": "gamification.questionoption", "pk": 209, "fields": {"question": 52, "option_choice": 4, "number_of_text": 1}}, {"model": "gamification.questionoption", "pk": 210, "fields": {"question": 52, "option_choice": 5, "number_of_text": 1}}, {"model": "gamification.questionoption", "pk": 211, "fields": {"question": 53, "option_choice": 1, "number_of_text": 1}}, {"model": "gamification.questionoption", "pk": 212, "fields": {"question": 53, "option_choice": 2, "number_of_text": 1}}, {"model": "gamification.questionoption", "pk": 213, "fields": {"question": 53, "option_choice": 3, "number_of_text": 1}}, {"model": "gamification.questionoption", "pk": 214, "fields": {"question": 53, "option_choice": 4, "number_of_text": 1}}, {"model": "gamification.questionoption", "pk": 215, "fields": {"question": 53, "option_choice": 5, "number_of_text": 1}}, {"model": "gamification.questionoption", "pk": 216, "fields": {"question": 54, "option_choice": 1, "number_of_text": 1}}, {"model": "gamification.questionoption", "pk": 217, "fields": {"question": 54, "option_choice": 2, "number_of_text": 1}}, {"model": "gamification.questionoption", "pk": 218, "fields": {"question": 54, "option_choice": 3, "number_of_text": 1}}, {"model": "gamification.questionoption", "pk": 219, "fields": {"question": 54, "option_choice": 4, "number_of_text": 1}}, {"model": "gamification.questionoption", "pk": 220, "fields": {"question": 54, "option_choice": 5, "number_of_text": 1}}, {"model": "gamification.questionoption", "pk": 221, "fields": {"question": 55, "option_choice": 1, "number_of_text": 1}}, {"model": "gamification.questionoption", "pk": 222, "fields": {"question": 55, "option_choice": 2, "number_of_text": 1}}, {"model": "gamification.questionoption", "pk": 223, "fields": {"question": 55, "option_choice": 3, "number_of_text": 1}}, {"model": "gamification.questionoption", "pk": 224, "fields": {"question": 55, "option_choice": 4, "number_of_text": 1}}, {"model": "gamification.questionoption", "pk": 225, "fields": {"question": 55, "option_choice": 5, "number_of_text": 1}}, {"model": "gamification.questionoption", "pk": 226, "fields": {"question": 56, "option_choice": 1, "number_of_text": 1}}, {"model": "gamification.questionoption", "pk": 227, "fields": {"question": 56, "option_choice": 2, "number_of_text": 1}}, {"model": "gamification.questionoption", "pk": 228, "fields": {"question": 56, "option_choice": 3, "number_of_text": 1}}, {"model": "gamification.questionoption", "pk": 229, "fields": {"question": 56, "option_choice": 4, "number_of_text": 1}}, {"model": "gamification.questionoption", "pk": 230, "fields": {"question": 56, "option_choice": 5, "number_of_text": 1}}, {"model": "gamification.questionoption", "pk": 231, "fields": {"question": 57, "option_choice": 1, "number_of_text": 1}}, {"model": "gamification.questionoption", "pk": 232, "fields": {"question": 57, "option_choice": 2, "number_of_text": 1}}, {"model": "gamification.questionoption", "pk": 233, "fields": {"question": 57, "option_choice": 3, "number_of_text": 1}}, {"model": "gamification.questionoption", "pk": 234, "fields": {"question": 57, "option_choice": 4, "number_of_text": 1}}, {"model": "gamification.questionoption", "pk": 235, "fields": {"question": 57, "option_choice": 5, "number_of_text": 1}}, {"model": "gamification.questionoption", "pk": 236, "fields": {"question": 58, "option_choice": 1, "number_of_text": 1}}, {"model": "gamification.questionoption", "pk": 237, "fields": {"question": 58, "option_choice": 2, "number_of_text": 1}}, {"model": "gamification.questionoption", "pk": 238, "fields": {"question": 58, "option_choice": 3, "number_of_text": 1}}, {"model": "gamification.questionoption", "pk": 239, "fields": {"question": 58, "option_choice": 4, "number_of_text": 1}}, {"model": "gamification.questionoption", "pk": 240, "fields": {"question": 58, "option_choice": 5, "number_of_text": 1}}, {"model": "gamification.questionoption", "pk": 241, "fields": {"question": 59, "option_choice": 1, "number_of_text": 1}}, {"model": "gamification.questionoption", "pk": 242, "fields": {"question": 59, "option_choice": 2, "number_of_text": 1}}, {"model": "gamification.questionoption", "pk": 243, "fields": {"question": 59, "option_choice": 3, "number_of_text": 1}}, {"model": "gamification.questionoption", "pk": 244, "fields": {"question": 59, "option_choice": 4, "number_of_text": 1}}, {"model": "gamification.questionoption", "pk": 245, "fields": {"question": 59, "option_choice": 5, "number_of_text": 1}}, {"model": "gamification.questionoption", "pk": 246, "fields": {"question": 60, "option_choice": 1, "number_of_text": 1}}, {"model": "gamification.questionoption", "pk": 247, "fields": {"question": 60, "option_choice": 2, "number_of_text": 1}}, {"model": "gamification.questionoption", "pk": 248, "fields": {"question": 60, "option_choice": 3, "number_of_text": 1}}, {"model": "gamification.questionoption", "pk": 249, "fields": {"question": 60, "option_choice": 4, "number_of_text": 1}}, {"model": "gamification.questionoption", "pk": 250, "fields": {"question": 60, "option_choice": 5, "number_of_text": 1}}, {"model": "gamification.questionoption", "pk": 251, "fields": {"question": 61, "option_choice": 1, "number_of_text": 1}}, {"model": "gamification.questionoption", "pk": 252, "fields": {"question": 61, "option_choice": 2, "number_of_text": 1}}, {"model": "gamification.questionoption", "pk": 253, "fields": {"question": 61, "option_choice": 3, "number_of_text": 1}}, {"model": "gamification.questionoption", "pk": 254, "fields": {"question": 61, "option_choice": 4, "number_of_text": 1}}, {"model": "gamification.questionoption", "pk": 255, "fields": {"question": 61, "option_choice": 5, "number_of_text": 1}}, {"model": "gamification.questionoption", "pk": 256, "fields": {"question": 62, "option_choice": 1, "number_of_text": 1}}, {"model": "gamification.questionoption", "pk": 257, "fields": {"question": 62, "option_choice": 2, "number_of_text": 1}}, {"model": "gamification.questionoption", "pk": 258, "fields": {"question": 62, "option_choice": 3, "number_of_text": 1}}, {"model": "gamification.questionoption", "pk": 259, "fields": {"question": 62, "option_choice": 4, "number_of_text": 1}}, {"model": "gamification.questionoption", "pk": 260, "fields": {"question": 62, "option_choice": 5, "number_of_text": 1}}, {"model": "gamification.questionoption", "pk": 261, "fields": {"question": 63, "option_choice": 1, "number_of_text": 1}}, {"model": "gamification.questionoption", "pk": 262, "fields": {"question": 63, "option_choice": 2, "number_of_text": 1}}, {"model": "gamification.questionoption", "pk": 263, "fields": {"question": 63, "option_choice": 3, "number_of_text": 1}}, {"model": "gamification.questionoption", "pk": 264, "fields": {"question": 63, "option_choice": 4, "number_of_text": 1}}, {"model": "gamification.questionoption", "pk": 265, "fields": {"question": 63, "option_choice": 5, "number_of_text": 1}}, {"model": "gamification.questionoption", "pk": 266, "fields": {"question": 64, "option_choice": 1, "number_of_text": 1}}, {"model": "gamification.questionoption", "pk": 267, "fields": {"question": 64, "option_choice": 2, "number_of_text": 1}}, {"model": "gamification.questionoption", "pk": 268, "fields": {"question": 64, "option_choice": 3, "number_of_text": 1}}, {"model": "gamification.questionoption", "pk": 269, "fields": {"question": 64, "option_choice": 4, "number_of_text": 1}}, {"model": "gamification.questionoption", "pk": 270, "fields": {"question": 64, "option_choice": 5, "number_of_text": 1}}, {"model": "gamification.questionoption", "pk": 271, "fields": {"question": 65, "option_choice": 1, "number_of_text": 1}}, {"model": "gamification.questionoption", "pk": 272, "fields": {"question": 65, "option_choice": 2, "number_of_text": 1}}, {"model": "gamification.questionoption", "pk": 273, "fields": {"question": 65, "option_choice": 3, "number_of_text": 1}}, {"model": "gamification.questionoption", "pk": 274, "fields": {"question": 65, "option_choice": 4, "number_of_text": 1}}, {"model": "gamification.questionoption", "pk": 275, "fields": {"question": 65, "option_choice": 5, "number_of_text": 1}}, {"model": "gamification.questionoption", "pk": 276, "fields": {"question": 66, "option_choice": 1, "number_of_text": 1}}, {"model": "gamification.questionoption", "pk": 277, "fields": {"question": 66, "option_choice": 2, "number_of_text": 1}}, {"model": "gamification.questionoption", "pk": 278, "fields": {"question": 66, "option_choice": 3, "number_of_text": 1}}, {"model": "gamification.questionoption", "pk": 279, "fields": {"question": 66, "option_choice": 4, "number_of_text": 1}}, {"model": "gamification.questionoption", "pk": 280, "fields": {"question": 66, "option_choice": 5, "number_of_text": 1}}, {"model": "gamification.questionoption", "pk": 281, "fields": {"question": 67, "option_choice": 6, "number_of_text": 1}}, {"model": "gamification.questionoption", "pk": 282, "fields": {"question": 68, "option_choice": 6, "number_of_text": 1}}, {"model": "gamification.questionoption", "pk": 283, "fields": {"question": 69, "option_choice": 6, "number_of_text": 1}}, {"model": "gamification.questionoption", "pk": 284, "fields": {"question": 70, "option_choice": 6, "number_of_text": 1}}, {"model": "gamification.questionoption", "pk": 285, "fields": {"question": 71, "option_choice": 6, "number_of_text": 1}}, {"model": "gamification.questionoption", "pk": 286, "fields": {"question": 72, "option_choice": 6, "number_of_text": 1}}, {"model": "gamification.questionoption", "pk": 287, "fields": {"question": 73, "option_choice": 6, "number_of_text": 3}}, {"model": "gamification.questionoption", "pk": 288, "fields": {"question": 74, "option_choice": 6, "number_of_text": 3}}, {"model": "gamification.questionoption", "pk": 289, "fields": {"question": 75, "option_choice": 6, "number_of_text": 2}}, {"model": "gamification.questionoption", "pk": 290, "fields": {"question": 76, "option_choice": 6, "number_of_text": 1}}, {"model": "gamification.question", "pk": 1, "fields": {"section": 1, "text": "The title of the presentation was clear.", "is_required": true, "is_multiple": false, "is_template": true, "dependent_question": null, "question_type": "MULTIPLECHOICE", "number_of_scale": 5}}, {"model": "gamification.question", "pk": 2, "fields": {"section": 1, "text": "The title reflected well the content of the presentation.", "is_required": true, "is_multiple": false, "is_template": true, "dependent_question": null, "question_type": "MULTIPLECHOICE", "number_of_scale": 5}}, {"model": "gamification.question", "pk": 3, "fields": {"section": 2, "text": "The main problem (research question/goal) was stated explicitly.", "is_required": true, "is_multiple": false, "is_template": true, "dependent_question": null, "question_type": "MULTIPLECHOICE", "number_of_scale": 5}}, {"model": "gamification.question", "pk": 4, "fields": {"section": 2, "text": "The main problem (research question/goal) was clearly explained, with the current audience in mind.", "is_required": true, "is_multiple": false, "is_template": true, "dependent_question": null, "question_type": "MULTIPLECHOICE", "number_of_scale": 5}}, {"model": "gamification.question", "pk": 5, "fields": {"section": 2, "text": "I understood the SE problem.", "is_required": true, "is_multiple": false, "is_template": true, "dependent_question": null, "question_type": "MULTIPLECHOICE", "number_of_scale": 5}}, {"model": "gamification.question", "pk": 6, "fields": {"section": 2, "text": "I understood the relevance of addressing the problem.", "is_required": true, "is_multiple": false, "is_template": true, "dependent_question": null, "question_type": "MULTIPLECHOICE", "number_of_scale": 5}}, {"model": "gamification.question", "pk": 7, "fields": {"section": 2, "text": "I found the probleml interesting.", "is_required": true, "is_multiple": false, "is_template": true, "dependent_question": null, "question_type": "MULTIPLECHOICE", "number_of_scale": 5}}, {"model": "gamification.question", "pk": 10, "fields": {"section": 3, "text": "It was clearly stated.", "is_required": true, "is_multiple": false, "is_template": true, "dependent_question": null, "question_type": "MULTIPLECHOICE", "number_of_scale": 5}}, {"model": "gamification.question", "pk": 11, "fields": {"section": 3, "text": "The presenter clearly related it to the SE problem (and research question/goal).", "is_required": true, "is_multiple": false, "is_template": true, "dependent_question": null, "question_type": "MULTIPLECHOICE", "number_of_scale": 5}}, {"model": "gamification.question", "pk": 12, "fields": {"section": 3, "text": "I understood the (expected) contributions of the study.", "is_required": true, "is_multiple": false, "is_template": true, "dependent_question": null, "question_type": "MULTIPLECHOICE", "number_of_scale": 5}}, {"model": "gamification.question", "pk": 13, "fields": {"section": 3, "text": "The presenter convinced me of the significance of the contribution(s). ", "is_required": true, "is_multiple": false, "is_template": true, "dependent_question": null, "question_type": "MULTIPLECHOICE", "number_of_scale": 5}}, {"model": "gamification.question", "pk": 14, "fields": {"section": 4, "text": "The methodology was well structured.", "is_required": true, "is_multiple": false, "is_template": true, "dependent_question": null, "question_type": "MULTIPLECHOICE", "number_of_scale": 5}}, {"model": "gamification.question", "pk": 15, "fields": {"section": 4, "text": "The presenter clearly related the methodology to the problem (research question/goal).", "is_required": true, "is_multiple": false, "is_template": true, "dependent_question": null, "question_type": "MULTIPLECHOICE", "number_of_scale": 5}}, {"model": "gamification.question", "pk": 16, "fields": {"section": 4, "text": "Results were clearly and adequately presented.", "is_required": true, "is_multiple": false, "is_template": true, "dependent_question": null, "question_type": "MULTIPLECHOICE", "number_of_scale": 5}}, {"model": "gamification.question", "pk": 17, "fields": {"section": 4, "text": "Limitations/gaps of existing work (or traditional techinique) were clearly presented.", "is_required": true, "is_multiple": false, "is_template": true, "dependent_question": null, "question_type": "MULTIPLECHOICE", "number_of_scale": 5}}, {"model": "gamification.question", "pk": 18, "fields": {"section": 4, "text": "Results and limitations were clearly related to the research question.", "is_required": true, "is_multiple": false, "is_template": true, "dependent_question": null, "question_type": "MULTIPLECHOICE", "number_of_scale": 5}}, {"model": "gamification.question", "pk": 19, "fields": {"section": 5, "text": "The presenter seems to have rehearsed.", "is_required": true, "is_multiple": false, "is_template": true, "dependent_question": null, "question_type": "MULTIPLECHOICE", "number_of_scale": 5}}, {"model": "gamification.question", "pk": 20, "fields": {"section": 5, "text": "The presentation was structured in a logical way.", "is_required": true, "is_multiple": false, "is_template": true, "dependent_question": null, "question_type": "MULTIPLECHOICE", "number_of_scale": 5}}, {"model": "gamification.question", "pk": 21, "fields": {"section": 5, "text": "The presentation was well designed (sliders are clear, visually appealing, no typos etc.).", "is_required": true, "is_multiple": false, "is_template": true, "dependent_question": null, "question_type": "MULTIPLECHOICE", "number_of_scale": 5}}, {"model": "gamification.question", "pk": 22, "fields": {"section": 5, "text": "The presentation was well delivered.", "is_required": true, "is_multiple": false, "is_template": true, "dependent_question": null, "question_type": "MULTIPLECHOICE", "number_of_scale": 5}}, {"model": "gamification.question", "pk": 23, "fields": {"section": 5, "text": "The presenter used clear and accessible language (i.e. avoided unnecessary jargon and provided the necessary definitions).", "is_required": true, "is_multiple": false, "is_template": true, "dependent_question": null, "question_type": "MULTIPLECHOICE", "number_of_scale": 5}}, {"model": "gamification.question", "pk": 24, "fields": {"section": 5, "text": "The presenter transitioned between the main parts of the presentation clearly and effectively.", "is_required": true, "is_multiple": false, "is_template": true, "dependent_question": null, "question_type": "MULTIPLECHOICE", "number_of_scale": 5}}, {"model": "gamification.question", "pk": 25, "fields": {"section": 5, "text": "\"The presenter was credible. \r\n(I believe he/she knows what he/she is talking about.)\"", "is_required": true, "is_multiple": false, "is_template": true, "dependent_question": null, "question_type": "MULTIPLECHOICE", "number_of_scale": 5}}, {"model": "gamification.question", "pk": 26, "fields": {"section": 5, "text": "The presenter was confident.", "is_required": true, "is_multiple": false, "is_template": true, "dependent_question": null, "question_type": "MULTIPLECHOICE", "number_of_scale": 5}}, {"model": "gamification.question", "pk": 27, "fields": {"section": 5, "text": "The presenter connected with the audience.", "is_required": true, "is_multiple": false, "is_template": true, "dependent_question": null, "question_type": "MULTIPLECHOICE", "number_of_scale": 5}}, {"model": "gamification.question", "pk": 28, "fields": {"section": 5, "text": "The presenter used pacing, pausing, gestures and movement effectively and appropriately.", "is_required": true, "is_multiple": false, "is_template": true, "dependent_question": null, "question_type": "MULTIPLECHOICE", "number_of_scale": 5}}, {"model": "gamification.question", "pk": 29, "fields": {"section": 5, "text": "The presenter answered the questions appropriately.", "is_required": true, "is_multiple": false, "is_template": true, "dependent_question": null, "question_type": "MULTIPLECHOICE", "number_of_scale": 5}}, {"model": "gamification.question", "pk": 30, "fields": {"section": 6, "text": "test slide", "is_required": false, "is_multiple": false, "is_template": true, "dependent_question": null, "question_type": "SLIDEREVIEW", "number_of_scale": 5}}, {"model": "gamification.question", "pk": 31, "fields": {"section": 8, "text": "Three best characteristics of the presentation", "is_required": false, "is_multiple": false, "is_template": true, "dependent_question": null, "question_type": "FIXEDTEXT", "number_of_scale": 5}}, {"model": "gamification.question", "pk": 32, "fields": {"section": 8, "text": "Three main points that need improvement", "is_required": false, "is_multiple": false, "is_template": true, "dependent_question": null, "question_type": "FIXEDTEXT", "number_of_scale": 5}}, {"model": "gamification.question", "pk": 33, "fields": {"section": 8, "text": "What questions would you like to see answered in the final presentatin and/or report?", "is_required": false, "is_multiple": false, "is_template": true, "dependent_question": null, "question_type": "MULTIPLETEXT", "number_of_scale": 5}}, {"model": "gamification.question", "pk": 34, "fields": {"section": 8, "text": "What can the presenter do to improve his/her presentation", "is_required": false, "is_multiple": false, "is_template": true, "dependent_question": null, "question_type": "TEXTAREA", "number_of_scale": 5}}, {"model": "gamification.question", "pk": 35, "fields": {"section": 7, "text": "Content", "is_required": true, "is_multiple": false, "is_template": true, "dependent_question": null, "question_type": "NUMBER", "number_of_scale": 5}}, {"model": "gamification.question", "pk": 36, "fields": {"section": 7, "text": "Design", "is_required": true, "is_multiple": false, "is_template": true, "dependent_question": null, "question_type": "NUMBER", "number_of_scale": 5}}, {"model": "gamification.question", "pk": 37, "fields": {"section": 7, "text": "Delivery", "is_required": true, "is_multiple": false, "is_template": true, "dependent_question": null, "question_type": "NUMBER", "number_of_scale": 5}}, {"model": "gamification.question", "pk": 38, "fields": {"section": 7, "text": "Overall", "is_required": true, "is_multiple": false, "is_template": true, "dependent_question": null, "question_type": "NUMBER", "number_of_scale": 5}}, {"model": "gamification.question", "pk": 39, "fields": {"section": 7, "text": "Your confidence", "is_required": true, "is_multiple": false, "is_template": true, "dependent_question": null, "question_type": "NUMBER", "number_of_scale": 5}}, {"model": "gamification.question", "pk": 40, "fields": {"section": 9, "text": "The title of the presentation was clear.", "is_required": true, "is_multiple": false, "is_template": false, "dependent_question": null, "question_type": "MULTIPLECHOICE", "number_of_scale": 5}}, {"model": "gamification.question", "pk": 41, "fields": {"section": 9, "text": "The title reflected well the content of the presentation.", "is_required": true, "is_multiple": false, "is_template": false, "dependent_question": null, "question_type": "MULTIPLECHOICE", "number_of_scale": 5}}, {"model": "gamification.question", "pk": 42, "fields": {"section": 10, "text": "The main problem (research question/goal) was stated explicitly.", "is_required": true, "is_multiple": false, "is_template": false, "dependent_question": null, "question_type": "MULTIPLECHOICE", "number_of_scale": 5}}, {"model": "gamification.question", "pk": 43, "fields": {"section": 10, "text": "The main problem (research question/goal) was clearly explained, with the current audience in mind.", "is_required": true, "is_multiple": false, "is_template": false, "dependent_question": null, "question_type": "MULTIPLECHOICE", "number_of_scale": 5}}, {"model": "gamification.question", "pk": 44, "fields": {"section": 10, "text": "I understood the SE problem.", "is_required": true, "is_multiple": false, "is_template": false, "dependent_question": null, "question_type": "MULTIPLECHOICE", "number_of_scale": 5}}, {"model": "gamification.question", "pk": 45, "fields": {"section": 10, "text": "I understood the relevance of addressing the problem.", "is_required": true, "is_multiple": false, "is_template": false, "dependent_question": null, "question_type": "MULTIPLECHOICE", "number_of_scale": 5}}, {"model": "gamification.question", "pk": 46, "fields": {"section": 10, "text": "I found the probleml interesting.", "is_required": true, "is_multiple": false, "is_template": false, "dependent_question": null, "question_type": "MULTIPLECHOICE", "number_of_scale": 5}}, {"model": "gamification.question", "pk": 47, "fields": {"section": 11, "text": "It was clearly stated.", "is_required": true, "is_multiple": false, "is_template": false, "dependent_question": null, "question_type": "MULTIPLECHOICE", "number_of_scale": 5}}, {"model": "gamification.question", "pk": 48, "fields": {"section": 11, "text": "The presenter clearly related it to the SE problem (and research question/goal).", "is_required": true, "is_multiple": false, "is_template": false, "dependent_question": null, "question_type": "MULTIPLECHOICE", "number_of_scale": 5}}, {"model": "gamification.question", "pk": 49, "fields": {"section": 11, "text": "I understood the (expected) contributions of the study.", "is_required": true, "is_multiple": false, "is_template": false, "dependent_question": null, "question_type": "MULTIPLECHOICE", "number_of_scale": 5}}, {"model": "gamification.question", "pk": 50, "fields": {"section": 11, "text": "The presenter convinced me of the significance of the contribution(s). ", "is_required": true, "is_multiple": false, "is_template": false, "dependent_question": null, "question_type": "MULTIPLECHOICE", "number_of_scale": 5}}, {"model": "gamification.question", "pk": 51, "fields": {"section": 12, "text": "The methodology was well structured.", "is_required": true, "is_multiple": false, "is_template": false, "dependent_question": null, "question_type": "MULTIPLECHOICE", "number_of_scale": 5}}, {"model": "gamification.question", "pk": 52, "fields": {"section": 12, "text": "The presenter clearly related the methodology to the problem (research question/goal).", "is_required": true, "is_multiple": false, "is_template": false, "dependent_question": null, "question_type": "MULTIPLECHOICE", "number_of_scale": 5}}, {"model": "gamification.question", "pk": 53, "fields": {"section": 12, "text": "Results were clearly and adequately presented.", "is_required": true, "is_multiple": false, "is_template": false, "dependent_question": null, "question_type": "MULTIPLECHOICE", "number_of_scale": 5}}, {"model": "gamification.question", "pk": 54, "fields": {"section": 12, "text": "Limitations/gaps of existing work (or traditional techinique) were clearly presented.", "is_required": true, "is_multiple": false, "is_template": false, "dependent_question": null, "question_type": "MULTIPLECHOICE", "number_of_scale": 5}}, {"model": "gamification.question", "pk": 55, "fields": {"section": 12, "text": "Results and limitations were clearly related to the research question.", "is_required": true, "is_multiple": false, "is_template": false, "dependent_question": null, "question_type": "MULTIPLECHOICE", "number_of_scale": 5}}, {"model": "gamification.question", "pk": 56, "fields": {"section": 13, "text": "The presenter seems to have rehearsed.", "is_required": true, "is_multiple": false, "is_template": false, "dependent_question": null, "question_type": "MULTIPLECHOICE", "number_of_scale": 5}}, {"model": "gamification.question", "pk": 57, "fields": {"section": 13, "text": "The presentation was structured in a logical way.", "is_required": true, "is_multiple": false, "is_template": false, "dependent_question": null, "question_type": "MULTIPLECHOICE", "number_of_scale": 5}}, {"model": "gamification.question", "pk": 58, "fields": {"section": 13, "text": "The presentation was well designed (sliders are clear, visually appealing, no typos etc.).", "is_required": true, "is_multiple": false, "is_template": false, "dependent_question": null, "question_type": "MULTIPLECHOICE", "number_of_scale": 5}}, {"model": "gamification.question", "pk": 59, "fields": {"section": 13, "text": "The presentation was well delivered.", "is_required": true, "is_multiple": false, "is_template": false, "dependent_question": null, "question_type": "MULTIPLECHOICE", "number_of_scale": 5}}, {"model": "gamification.question", "pk": 60, "fields": {"section": 13, "text": "The presenter used clear and accessible language (i.e. avoided unnecessary jargon and provided the necessary definitions).", "is_required": true, "is_multiple": false, "is_template": false, "dependent_question": null, "question_type": "MULTIPLECHOICE", "number_of_scale": 5}}, {"model": "gamification.question", "pk": 61, "fields": {"section": 13, "text": "The presenter transitioned between the main parts of the presentation clearly and effectively.", "is_required": true, "is_multiple": false, "is_template": false, "dependent_question": null, "question_type": "MULTIPLECHOICE", "number_of_scale": 5}}, {"model": "gamification.question", "pk": 62, "fields": {"section": 13, "text": "\"The presenter was credible. \r\n(I believe he/she knows what he/she is talking about.)\"", "is_required": true, "is_multiple": false, "is_template": false, "dependent_question": null, "question_type": "MULTIPLECHOICE", "number_of_scale": 5}}, {"model": "gamification.question", "pk": 63, "fields": {"section": 13, "text": "The presenter was confident.", "is_required": true, "is_multiple": false, "is_template": false, "dependent_question": null, "question_type": "MULTIPLECHOICE", "number_of_scale": 5}}, {"model": "gamification.question", "pk": 64, "fields": {"section": 13, "text": "The presenter connected with the audience.", "is_required": true, "is_multiple": false, "is_template": false, "dependent_question": null, "question_type": "MULTIPLECHOICE", "number_of_scale": 5}}, {"model": "gamification.question", "pk": 65, "fields": {"section": 13, "text": "The presenter used pacing, pausing, gestures and movement effectively and appropriately.", "is_required": true, "is_multiple": false, "is_template": false, "dependent_question": null, "question_type": "MULTIPLECHOICE", "number_of_scale": 5}}, {"model": "gamification.question", "pk": 66, "fields": {"section": 13, "text": "The presenter answered the questions appropriately.", "is_required": true, "is_multiple": false, "is_template": false, "dependent_question": null, "question_type": "MULTIPLECHOICE", "number_of_scale": 5}}, {"model": "gamification.question", "pk": 67, "fields": {"section": 14, "text": "test slide", "is_required": false, "is_multiple": false, "is_template": false, "dependent_question": null, "question_type": "SLIDEREVIEW", "number_of_scale": 5}}, {"model": "gamification.question", "pk": 68, "fields": {"section": 15, "text": "Content", "is_required": true, "is_multiple": false, "is_template": false, "dependent_question": null, "question_type": "NUMBER", "number_of_scale": 5}}, {"model": "gamification.question", "pk": 69, "fields": {"section": 15, "text": "Design", "is_required": true, "is_multiple": false, "is_template": false, "dependent_question": null, "question_type": "NUMBER", "number_of_scale": 5}}, {"model": "gamification.question", "pk": 70, "fields": {"section": 15, "text": "Delivery", "is_required": true, "is_multiple": false, "is_template": false, "dependent_question": null, "question_type": "NUMBER", "number_of_scale": 5}}, {"model": "gamification.question", "pk": 71, "fields": {"section": 15, "text": "Overall", "is_required": true, "is_multiple": false, "is_template": false, "dependent_question": null, "question_type": "NUMBER", "number_of_scale": 5}}, {"model": "gamification.question", "pk": 72, "fields": {"section": 15, "text": "Your confidence", "is_required": true, "is_multiple": false, "is_template": false, "dependent_question": null, "question_type": "NUMBER", "number_of_scale": 5}}, {"model": "gamification.question", "pk": 73, "fields": {"section": 16, "text": "Three best characteristics of the presentation", "is_required": false, "is_multiple": false, "is_template": false, "dependent_question": null, "question_type": "FIXEDTEXT", "number_of_scale": 5}}, {"model": "gamification.question", "pk": 74, "fields": {"section": 16, "text": "Three main points that need improvement", "is_required": false, "is_multiple": false, "is_template": false, "dependent_question": null, "question_type": "FIXEDTEXT", "number_of_scale": 5}}, {"model": "gamification.question", "pk": 75, "fields": {"section": 16, "text": "What questions would you like to see answered in the final presentatin and/or report?", "is_required": false, "is_multiple": false, "is_template": false, "dependent_question": null, "question_type": "MULTIPLETEXT", "number_of_scale": 5}}, {"model": "gamification.question", "pk": 76, "fields": {"section": 16, "text": "What can the presenter do to improve his/her presentation", "is_required": false, "is_multiple": false, "is_template": false, "dependent_question": null, "question_type": "TEXTAREA", "number_of_scale": 5}}, {"model": "gamification.surveysection", "pk": 1, "fields": {"template": 1, "title": "Title", "description": "", "is_required": true, "is_template": true}}, {"model": "gamification.surveysection", "pk": 2, "fields": {"template": 1, "title": "Software engineering problem (Research question / goal)", "description": "", "is_required": true, "is_template": true}}, {"model": "gamification.surveysection", "pk": 3, "fields": {"template": 1, "title": "Proposal / Study / Solution", "description": "", "is_required": true, "is_template": true}}, {"model": "gamification.surveysection", "pk": 4, "fields": {"template": 1, "title": "Methodology", "description": "", "is_required": true, "is_template": true}}, {"model": "gamification.surveysection", "pk": 5, "fields": {"template": 1, "title": "Presentation", "description": "", "is_required": true, "is_template": true}}, {"model": "gamification.surveysection", "pk": 6, "fields": {"template": 1, "title": "Artifact", "description": "", "is_required": false, "is_template": true}}, {"model": "gamification.surveysection", "pk": 7, "fields": {"template": 1, "title": "Aspect", "description": "How do you grade the following aspects?", "is_required": true, "is_template": true}}, {"model": "gamification.surveysection", "pk": 8, "fields": {"template": 1, "title": "Optional", "description": "", "is_required": false, "is_template": true}}, {"model": "gamification.surveysection", "pk": 9, "fields": {"template": 2, "title": "Title", "description": "", "is_required": true, "is_template": false}}, {"model": "gamification.surveysection", "pk": 10, "fields": {"template": 2, "title": "Software engineering problem (Research question / goal)", "description": "", "is_required": true, "is_template": false}}, {"model": "gamification.surveysection", "pk": 11, "fields": {"template": 2, "title": "Proposal / Study / Solution", "description": "", "is_required": true, "is_template": false}}, {"model": "gamification.surveysection", "pk": 12, "fields": {"template": 2, "title": "Methodology", "description": "", "is_required": true, "is_template": false}}, {"model": "gamification.surveysection", "pk": 13, "fields": {"template": 2, "title": "Presentation", "description": "", "is_required": true, "is_template": false}}, {"model": "gamification.surveysection", "pk": 14, "fields": {"template": 2, "title": "Artifact", "description": "", "is_required": false, "is_template": false}}, {"model": "gamification.surveysection", "pk": 15, "fields": {"template": 2, "title": "Aspect", "description": "How do you grade the following aspects?", "is_required": true, "is_template": false}}, {"model": "gamification.surveysection", "pk": 16, "fields": {"template": 2, "title": "Optional", "description": "", "is_required": false, "is_template": false}}, {"model": "gamification.surveytemplate", "pk": 1, "fields": {"name": "Survey Template", "instructions": "", "is_template": true, "other_info": ""}}, {"model": "gamification.surveytemplate", "pk": 2, "fields": {"name": "Default Template", "instructions": "", "is_template": false, "other_info": ""}}, {"model": "gamification.constraint", "pk": 2, "fields": {"url": "submit_evaluation", "threshold": 3, "description": "Provide the first 3 evaluations."}}, {"model": "gamification.constraint", "pk": 3, "fields": {"url": "submit_evaluations", "threshold": 5, "description": "Leave an open feedback of more than 5 sentences on free response."}}, {"model": "gamification.constraint", "pk": 4, "fields": {"url": "submit_presentation", "threshold": 3, "description": "Submit three presentations"}}, {"model": "gamification.ruleconstraint", "pk": 1, "fields": {"rule": 1, "constraint": 2}}, {"model": "gamification.ruleconstraint", "pk": 2, "fields": {"rule": 2, "constraint": 3}}, {"model": "gamification.ruleconstraint", "pk": 3, "fields": {"rule": 3, "constraint": 4}}, {"model": "gamification.ruleconstraint", "pk": 4, "fields": {"rule": 4, "constraint": 2}}, {"model": "gamification.ruleconstraint", "pk": 5, "fields": {"rule": 4, "constraint": 4}}, {"model": "gamification.rule", "pk": 1, "fields": {"default": true, "name": "Seasoned Evaluator", "description": "A student provided the first 3 evaluations."}}, {"model": "gamification.rule", "pk": 2, "fields": {"default": true, "name": "Detailed Evaluator", "description": "A student left an open feedback of more than 5 sentences on free response."}}, {"model": "gamification.rule", "pk": 3, "fields": {"default": true, "name": "Seasoned Presenter", "description": "A student submitted three presentations "}}, {"model": "gamification.rule", "pk": 4, "fields": {"default": true, "name": "Veteran Participant", "description": "A student submitted three presentations&A student provided the first 3 evaluations."}}]
