[
    {
        "model": "auth.permission",
        "pk": 1,
        "fields": {
            "name": "Can add cors model",
            "content_type": 1,
            "codename": "add_corsmodel"
        }
    },
    {
        "model": "auth.permission",
        "pk": 2,
        "fields": {
            "name": "Can change cors model",
            "content_type": 1,
            "codename": "change_corsmodel"
        }
    },
    {
        "model": "auth.permission",
        "pk": 3,
        "fields": {
            "name": "Can delete cors model",
            "content_type": 1,
            "codename": "delete_corsmodel"
        }
    },
    {
        "model": "auth.permission",
        "pk": 4,
        "fields": {
            "name": "Can view cors model",
            "content_type": 1,
            "codename": "view_corsmodel"
        }
    },
    {
        "model": "auth.permission",
        "pk": 5,
        "fields": {
            "name": "Can add log entry",
            "content_type": 2,
            "codename": "add_logentry"
        }
    },
    {
        "model": "auth.permission",
        "pk": 6,
        "fields": {
            "name": "Can change log entry",
            "content_type": 2,
            "codename": "change_logentry"
        }
    },
    {
        "model": "auth.permission",
        "pk": 7,
        "fields": {
            "name": "Can delete log entry",
            "content_type": 2,
            "codename": "delete_logentry"
        }
    },
    {
        "model": "auth.permission",
        "pk": 8,
        "fields": {
            "name": "Can view log entry",
            "content_type": 2,
            "codename": "view_logentry"
        }
    },
    {
        "model": "auth.permission",
        "pk": 9,
        "fields": {
            "name": "Can add permission",
            "content_type": 3,
            "codename": "add_permission"
        }
    },
    {
        "model": "auth.permission",
        "pk": 10,
        "fields": {
            "name": "Can change permission",
            "content_type": 3,
            "codename": "change_permission"
        }
    },
    {
        "model": "auth.permission",
        "pk": 11,
        "fields": {
            "name": "Can delete permission",
            "content_type": 3,
            "codename": "delete_permission"
        }
    },
    {
        "model": "auth.permission",
        "pk": 12,
        "fields": {
            "name": "Can view permission",
            "content_type": 3,
            "codename": "view_permission"
        }
    },
    {
        "model": "auth.permission",
        "pk": 13,
        "fields": {
            "name": "Can add group",
            "content_type": 4,
            "codename": "add_group"
        }
    },
    {
        "model": "auth.permission",
        "pk": 14,
        "fields": {
            "name": "Can change group",
            "content_type": 4,
            "codename": "change_group"
        }
    },
    {
        "model": "auth.permission",
        "pk": 15,
        "fields": {
            "name": "Can delete group",
            "content_type": 4,
            "codename": "delete_group"
        }
    },
    {
        "model": "auth.permission",
        "pk": 16,
        "fields": {
            "name": "Can view group",
            "content_type": 4,
            "codename": "view_group"
        }
    },
    {
        "model": "auth.permission",
        "pk": 17,
        "fields": {
            "name": "Can add content type",
            "content_type": 5,
            "codename": "add_contenttype"
        }
    },
    {
        "model": "auth.permission",
        "pk": 18,
        "fields": {
            "name": "Can change content type",
            "content_type": 5,
            "codename": "change_contenttype"
        }
    },
    {
        "model": "auth.permission",
        "pk": 19,
        "fields": {
            "name": "Can delete content type",
            "content_type": 5,
            "codename": "delete_contenttype"
        }
    },
    {
        "model": "auth.permission",
        "pk": 20,
        "fields": {
            "name": "Can view content type",
            "content_type": 5,
            "codename": "view_contenttype"
        }
    },
    {
        "model": "auth.permission",
        "pk": 21,
        "fields": {
            "name": "Can add session",
            "content_type": 6,
            "codename": "add_session"
        }
    },
    {
        "model": "auth.permission",
        "pk": 22,
        "fields": {
            "name": "Can change session",
            "content_type": 6,
            "codename": "change_session"
        }
    },
    {
        "model": "auth.permission",
        "pk": 23,
        "fields": {
            "name": "Can delete session",
            "content_type": 6,
            "codename": "delete_session"
        }
    },
    {
        "model": "auth.permission",
        "pk": 24,
        "fields": {
            "name": "Can view session",
            "content_type": 6,
            "codename": "view_session"
        }
    },
    {
        "model": "auth.permission",
        "pk": 25,
        "fields": {
            "name": "Can add site",
            "content_type": 7,
            "codename": "add_site"
        }
    },
    {
        "model": "auth.permission",
        "pk": 26,
        "fields": {
            "name": "Can change site",
            "content_type": 7,
            "codename": "change_site"
        }
    },
    {
        "model": "auth.permission",
        "pk": 27,
        "fields": {
            "name": "Can delete site",
            "content_type": 7,
            "codename": "delete_site"
        }
    },
    {
        "model": "auth.permission",
        "pk": 28,
        "fields": {
            "name": "Can view site",
            "content_type": 7,
            "codename": "view_site"
        }
    },
    {
        "model": "auth.permission",
        "pk": 29,
        "fields": {
            "name": "Can add user",
            "content_type": 8,
            "codename": "add_customuser"
        }
    },
    {
        "model": "auth.permission",
        "pk": 30,
        "fields": {
            "name": "Can change user",
            "content_type": 8,
            "codename": "change_customuser"
        }
    },
    {
        "model": "auth.permission",
        "pk": 31,
        "fields": {
            "name": "Can delete user",
            "content_type": 8,
            "codename": "delete_customuser"
        }
    },
    {
        "model": "auth.permission",
        "pk": 32,
        "fields": {
            "name": "Can view user",
            "content_type": 8,
            "codename": "view_customuser"
        }
    },
    {
        "model": "auth.permission",
        "pk": 33,
        "fields": {
            "name": "Can add answer",
            "content_type": 9,
            "codename": "add_answer"
        }
    },
    {
        "model": "auth.permission",
        "pk": 34,
        "fields": {
            "name": "Can change answer",
            "content_type": 9,
            "codename": "change_answer"
        }
    },
    {
        "model": "auth.permission",
        "pk": 35,
        "fields": {
            "name": "Can delete answer",
            "content_type": 9,
            "codename": "delete_answer"
        }
    },
    {
        "model": "auth.permission",
        "pk": 36,
        "fields": {
            "name": "Can view answer",
            "content_type": 9,
            "codename": "view_answer"
        }
    },
    {
        "model": "auth.permission",
        "pk": 37,
        "fields": {
            "name": "Can add artifact",
            "content_type": 10,
            "codename": "add_artifact"
        }
    },
    {
        "model": "auth.permission",
        "pk": 38,
        "fields": {
            "name": "Can change artifact",
            "content_type": 10,
            "codename": "change_artifact"
        }
    },
    {
        "model": "auth.permission",
        "pk": 39,
        "fields": {
            "name": "Can delete artifact",
            "content_type": 10,
            "codename": "delete_artifact"
        }
    },
    {
        "model": "auth.permission",
        "pk": 40,
        "fields": {
            "name": "Can view artifact",
            "content_type": 10,
            "codename": "view_artifact"
        }
    },
    {
        "model": "auth.permission",
        "pk": 41,
        "fields": {
            "name": "Can add assignment",
            "content_type": 11,
            "codename": "add_assignment"
        }
    },
    {
        "model": "auth.permission",
        "pk": 42,
        "fields": {
            "name": "Can change assignment",
            "content_type": 11,
            "codename": "change_assignment"
        }
    },
    {
        "model": "auth.permission",
        "pk": 43,
        "fields": {
            "name": "Can delete assignment",
            "content_type": 11,
            "codename": "delete_assignment"
        }
    },
    {
        "model": "auth.permission",
        "pk": 44,
        "fields": {
            "name": "Can view assignment",
            "content_type": 11,
            "codename": "view_assignment"
        }
    },
    {
        "model": "auth.permission",
        "pk": 45,
        "fields": {
            "name": "Can add course",
            "content_type": 12,
            "codename": "add_course"
        }
    },
    {
        "model": "auth.permission",
        "pk": 46,
        "fields": {
            "name": "Can change course",
            "content_type": 12,
            "codename": "change_course"
        }
    },
    {
        "model": "auth.permission",
        "pk": 47,
        "fields": {
            "name": "Can delete course",
            "content_type": 12,
            "codename": "delete_course"
        }
    },
    {
        "model": "auth.permission",
        "pk": 48,
        "fields": {
            "name": "Can view course",
            "content_type": 12,
            "codename": "view_course"
        }
    },
    {
        "model": "auth.permission",
        "pk": 49,
        "fields": {
            "name": "Can add entity",
            "content_type": 13,
            "codename": "add_entity"
        }
    },
    {
        "model": "auth.permission",
        "pk": 50,
        "fields": {
            "name": "Can change entity",
            "content_type": 13,
            "codename": "change_entity"
        }
    },
    {
        "model": "auth.permission",
        "pk": 51,
        "fields": {
            "name": "Can delete entity",
            "content_type": 13,
            "codename": "delete_entity"
        }
    },
    {
        "model": "auth.permission",
        "pk": 52,
        "fields": {
            "name": "Can view entity",
            "content_type": 13,
            "codename": "view_entity"
        }
    },
    {
        "model": "auth.permission",
        "pk": 53,
        "fields": {
            "name": "Can add option choice",
            "content_type": 14,
            "codename": "add_optionchoice"
        }
    },
    {
        "model": "auth.permission",
        "pk": 54,
        "fields": {
            "name": "Can change option choice",
            "content_type": 14,
            "codename": "change_optionchoice"
        }
    },
    {
        "model": "auth.permission",
        "pk": 55,
        "fields": {
            "name": "Can delete option choice",
            "content_type": 14,
            "codename": "delete_optionchoice"
        }
    },
    {
        "model": "auth.permission",
        "pk": 56,
        "fields": {
            "name": "Can view option choice",
            "content_type": 14,
            "codename": "view_optionchoice"
        }
    },
    {
        "model": "auth.permission",
        "pk": 57,
        "fields": {
            "name": "Can add question",
            "content_type": 15,
            "codename": "add_question"
        }
    },
    {
        "model": "auth.permission",
        "pk": 58,
        "fields": {
            "name": "Can change question",
            "content_type": 15,
            "codename": "change_question"
        }
    },
    {
        "model": "auth.permission",
        "pk": 59,
        "fields": {
            "name": "Can delete question",
            "content_type": 15,
            "codename": "delete_question"
        }
    },
    {
        "model": "auth.permission",
        "pk": 60,
        "fields": {
            "name": "Can view question",
            "content_type": 15,
            "codename": "view_question"
        }
    },
    {
        "model": "auth.permission",
        "pk": 61,
        "fields": {
            "name": "Can add reward",
            "content_type": 16,
            "codename": "add_reward"
        }
    },
    {
        "model": "auth.permission",
        "pk": 62,
        "fields": {
            "name": "Can change reward",
            "content_type": 16,
            "codename": "change_reward"
        }
    },
    {
        "model": "auth.permission",
        "pk": 63,
        "fields": {
            "name": "Can delete reward",
            "content_type": 16,
            "codename": "delete_reward"
        }
    },
    {
        "model": "auth.permission",
        "pk": 64,
        "fields": {
            "name": "Can view reward",
            "content_type": 16,
            "codename": "view_reward"
        }
    },
    {
        "model": "auth.permission",
        "pk": 65,
        "fields": {
            "name": "Can add reward type",
            "content_type": 17,
            "codename": "add_rewardtype"
        }
    },
    {
        "model": "auth.permission",
        "pk": 66,
        "fields": {
            "name": "Can change reward type",
            "content_type": 17,
            "codename": "change_rewardtype"
        }
    },
    {
        "model": "auth.permission",
        "pk": 67,
        "fields": {
            "name": "Can delete reward type",
            "content_type": 17,
            "codename": "delete_rewardtype"
        }
    },
    {
        "model": "auth.permission",
        "pk": 68,
        "fields": {
            "name": "Can view reward type",
            "content_type": 17,
            "codename": "view_rewardtype"
        }
    },
    {
        "model": "auth.permission",
        "pk": 69,
        "fields": {
            "name": "Can add survey template",
            "content_type": 18,
            "codename": "add_surveytemplate"
        }
    },
    {
        "model": "auth.permission",
        "pk": 70,
        "fields": {
            "name": "Can change survey template",
            "content_type": 18,
            "codename": "change_surveytemplate"
        }
    },
    {
        "model": "auth.permission",
        "pk": 71,
        "fields": {
            "name": "Can delete survey template",
            "content_type": 18,
            "codename": "delete_surveytemplate"
        }
    },
    {
        "model": "auth.permission",
        "pk": 72,
        "fields": {
            "name": "Can view survey template",
            "content_type": 18,
            "codename": "view_surveytemplate"
        }
    },
    {
        "model": "auth.permission",
        "pk": 73,
        "fields": {
            "name": "Can add artifact_feedback",
            "content_type": 19,
            "codename": "add_artifactfeedback"
        }
    },
    {
        "model": "auth.permission",
        "pk": 74,
        "fields": {
            "name": "Can change artifact_feedback",
            "content_type": 19,
            "codename": "change_artifactfeedback"
        }
    },
    {
        "model": "auth.permission",
        "pk": 75,
        "fields": {
            "name": "Can delete artifact_feedback",
            "content_type": 19,
            "codename": "delete_artifactfeedback"
        }
    },
    {
        "model": "auth.permission",
        "pk": 76,
        "fields": {
            "name": "Can view artifact_feedback",
            "content_type": 19,
            "codename": "view_artifactfeedback"
        }
    },
    {
        "model": "auth.permission",
        "pk": 77,
        "fields": {
            "name": "Can add individual",
            "content_type": 20,
            "codename": "add_individual"
        }
    },
    {
        "model": "auth.permission",
        "pk": 78,
        "fields": {
            "name": "Can change individual",
            "content_type": 20,
            "codename": "change_individual"
        }
    },
    {
        "model": "auth.permission",
        "pk": 79,
        "fields": {
            "name": "Can delete individual",
            "content_type": 20,
            "codename": "delete_individual"
        }
    },
    {
        "model": "auth.permission",
        "pk": 80,
        "fields": {
            "name": "Can view individual",
            "content_type": 20,
            "codename": "view_individual"
        }
    },
    {
        "model": "auth.permission",
        "pk": 81,
        "fields": {
            "name": "Can add team",
            "content_type": 21,
            "codename": "add_team"
        }
    },
    {
        "model": "auth.permission",
        "pk": 82,
        "fields": {
            "name": "Can change team",
            "content_type": 21,
            "codename": "change_team"
        }
    },
    {
        "model": "auth.permission",
        "pk": 83,
        "fields": {
            "name": "Can delete team",
            "content_type": 21,
            "codename": "delete_team"
        }
    },
    {
        "model": "auth.permission",
        "pk": 84,
        "fields": {
            "name": "Can view team",
            "content_type": 21,
            "codename": "view_team"
        }
    },
    {
        "model": "auth.permission",
        "pk": 85,
        "fields": {
            "name": "Can add user reward",
            "content_type": 22,
            "codename": "add_userreward"
        }
    },
    {
        "model": "auth.permission",
        "pk": 86,
        "fields": {
            "name": "Can change user reward",
            "content_type": 22,
            "codename": "change_userreward"
        }
    },
    {
        "model": "auth.permission",
        "pk": 87,
        "fields": {
            "name": "Can delete user reward",
            "content_type": 22,
            "codename": "delete_userreward"
        }
    },
    {
        "model": "auth.permission",
        "pk": 88,
        "fields": {
            "name": "Can view user reward",
            "content_type": 22,
            "codename": "view_userreward"
        }
    },
    {
        "model": "auth.permission",
        "pk": 89,
        "fields": {
            "name": "Can add todo_list",
            "content_type": 23,
            "codename": "add_todolist"
        }
    },
    {
        "model": "auth.permission",
        "pk": 90,
        "fields": {
            "name": "Can change todo_list",
            "content_type": 23,
            "codename": "change_todolist"
        }
    },
    {
        "model": "auth.permission",
        "pk": 91,
        "fields": {
            "name": "Can delete todo_list",
            "content_type": 23,
            "codename": "delete_todolist"
        }
    },
    {
        "model": "auth.permission",
        "pk": 92,
        "fields": {
            "name": "Can view todo_list",
            "content_type": 23,
            "codename": "view_todolist"
        }
    },
    {
        "model": "auth.permission",
        "pk": 93,
        "fields": {
            "name": "Can add survey section",
            "content_type": 24,
            "codename": "add_surveysection"
        }
    },
    {
        "model": "auth.permission",
        "pk": 94,
        "fields": {
            "name": "Can change survey section",
            "content_type": 24,
            "codename": "change_surveysection"
        }
    },
    {
        "model": "auth.permission",
        "pk": 95,
        "fields": {
            "name": "Can delete survey section",
            "content_type": 24,
            "codename": "delete_surveysection"
        }
    },
    {
        "model": "auth.permission",
        "pk": 96,
        "fields": {
            "name": "Can view survey section",
            "content_type": 24,
            "codename": "view_surveysection"
        }
    },
    {
        "model": "auth.permission",
        "pk": 97,
        "fields": {
            "name": "Can add registration",
            "content_type": 25,
            "codename": "add_registration"
        }
    },
    {
        "model": "auth.permission",
        "pk": 98,
        "fields": {
            "name": "Can change registration",
            "content_type": 25,
            "codename": "change_registration"
        }
    },
    {
        "model": "auth.permission",
        "pk": 99,
        "fields": {
            "name": "Can delete registration",
            "content_type": 25,
            "codename": "delete_registration"
        }
    },
    {
        "model": "auth.permission",
        "pk": 100,
        "fields": {
            "name": "Can view registration",
            "content_type": 25,
            "codename": "view_registration"
        }
    },
    {
        "model": "auth.permission",
        "pk": 101,
        "fields": {
            "name": "Can add question option",
            "content_type": 26,
            "codename": "add_questionoption"
        }
    },
    {
        "model": "auth.permission",
        "pk": 102,
        "fields": {
            "name": "Can change question option",
            "content_type": 26,
            "codename": "change_questionoption"
        }
    },
    {
        "model": "auth.permission",
        "pk": 103,
        "fields": {
            "name": "Can delete question option",
            "content_type": 26,
            "codename": "delete_questionoption"
        }
    },
    {
        "model": "auth.permission",
        "pk": 104,
        "fields": {
            "name": "Can view question option",
            "content_type": 26,
            "codename": "view_questionoption"
        }
    },
    {
        "model": "auth.permission",
        "pk": 105,
        "fields": {
            "name": "Can add membership",
            "content_type": 27,
            "codename": "add_membership"
        }
    },
    {
        "model": "auth.permission",
        "pk": 106,
        "fields": {
            "name": "Can change membership",
            "content_type": 27,
            "codename": "change_membership"
        }
    },
    {
        "model": "auth.permission",
        "pk": 107,
        "fields": {
            "name": "Can delete membership",
            "content_type": 27,
            "codename": "delete_membership"
        }
    },
    {
        "model": "auth.permission",
        "pk": 108,
        "fields": {
            "name": "Can view membership",
            "content_type": 27,
            "codename": "view_membership"
        }
    },
    {
        "model": "auth.permission",
        "pk": 109,
        "fields": {
            "name": "Can add grade",
            "content_type": 28,
            "codename": "add_grade"
        }
    },
    {
        "model": "auth.permission",
        "pk": 110,
        "fields": {
            "name": "Can change grade",
            "content_type": 28,
            "codename": "change_grade"
        }
    },
    {
        "model": "auth.permission",
        "pk": 111,
        "fields": {
            "name": "Can delete grade",
            "content_type": 28,
            "codename": "delete_grade"
        }
    },
    {
        "model": "auth.permission",
        "pk": 112,
        "fields": {
            "name": "Can view grade",
            "content_type": 28,
            "codename": "view_grade"
        }
    },
    {
        "model": "auth.permission",
        "pk": 113,
        "fields": {
            "name": "Can add feedback survey",
            "content_type": 29,
            "codename": "add_feedbacksurvey"
        }
    },
    {
        "model": "auth.permission",
        "pk": 114,
        "fields": {
            "name": "Can change feedback survey",
            "content_type": 29,
            "codename": "change_feedbacksurvey"
        }
    },
    {
        "model": "auth.permission",
        "pk": 115,
        "fields": {
            "name": "Can delete feedback survey",
            "content_type": 29,
            "codename": "delete_feedbacksurvey"
        }
    },
    {
        "model": "auth.permission",
        "pk": 116,
        "fields": {
            "name": "Can view feedback survey",
            "content_type": 29,
            "codename": "view_feedbacksurvey"
        }
    },
    {
        "model": "auth.permission",
        "pk": 117,
        "fields": {
            "name": "Can add deduction",
            "content_type": 30,
            "codename": "add_deduction"
        }
    },
    {
        "model": "auth.permission",
        "pk": 118,
        "fields": {
            "name": "Can change deduction",
            "content_type": 30,
            "codename": "change_deduction"
        }
    },
    {
        "model": "auth.permission",
        "pk": 119,
        "fields": {
            "name": "Can delete deduction",
            "content_type": 30,
            "codename": "delete_deduction"
        }
    },
    {
        "model": "auth.permission",
        "pk": 120,
        "fields": {
            "name": "Can view deduction",
            "content_type": 30,
            "codename": "view_deduction"
        }
    },
    {
        "model": "auth.permission",
        "pk": 121,
        "fields": {
            "name": "Can add artifact_review",
            "content_type": 31,
            "codename": "add_artifactreview"
        }
    },
    {
        "model": "auth.permission",
        "pk": 122,
        "fields": {
            "name": "Can change artifact_review",
            "content_type": 31,
            "codename": "change_artifactreview"
        }
    },
    {
        "model": "auth.permission",
        "pk": 123,
        "fields": {
            "name": "Can delete artifact_review",
            "content_type": 31,
            "codename": "delete_artifactreview"
        }
    },
    {
        "model": "auth.permission",
        "pk": 124,
        "fields": {
            "name": "Can view artifact_review",
            "content_type": 31,
            "codename": "view_artifactreview"
        }
    },
    {
        "model": "auth.permission",
        "pk": 125,
        "fields": {
            "name": "Can add xp points",
            "content_type": 32,
            "codename": "add_xppoints"
        }
    },
    {
        "model": "auth.permission",
        "pk": 126,
        "fields": {
            "name": "Can change xp points",
            "content_type": 32,
            "codename": "change_xppoints"
        }
    },
    {
        "model": "auth.permission",
        "pk": 127,
        "fields": {
            "name": "Can delete xp points",
            "content_type": 32,
            "codename": "delete_xppoints"
        }
    },
    {
        "model": "auth.permission",
        "pk": 128,
        "fields": {
            "name": "Can view xp points",
            "content_type": 32,
            "codename": "view_xppoints"
        }
    },
    {
        "model": "auth.permission",
        "pk": 129,
        "fields": {
            "name": "Can add behaviors",
            "content_type": 33,
            "codename": "add_behavior"
        }
    },
    {
        "model": "auth.permission",
        "pk": 130,
        "fields": {
            "name": "Can change behaviors",
            "content_type": 33,
            "codename": "change_behavior"
        }
    },
    {
        "model": "auth.permission",
        "pk": 131,
        "fields": {
            "name": "Can delete behaviors",
            "content_type": 33,
            "codename": "delete_behavior"
        }
    },
    {
        "model": "auth.permission",
        "pk": 132,
        "fields": {
            "name": "Can view behaviors",
            "content_type": 33,
            "codename": "view_behavior"
        }
    },
    {
        "model": "auth.permission",
        "pk": 133,
        "fields": {
            "name": "Can add exp history",
            "content_type": 34,
            "codename": "add_exphistory"
        }
    },
    {
        "model": "auth.permission",
        "pk": 134,
        "fields": {
            "name": "Can change exp history",
            "content_type": 34,
            "codename": "change_exphistory"
        }
    },
    {
        "model": "auth.permission",
        "pk": 135,
        "fields": {
            "name": "Can delete exp history",
            "content_type": 34,
            "codename": "delete_exphistory"
        }
    },
    {
        "model": "auth.permission",
        "pk": 136,
        "fields": {
            "name": "Can view exp history",
            "content_type": 34,
            "codename": "view_exphistory"
        }
    },
    {
        "model": "contenttypes.contenttype",
        "pk": 1,
        "fields": {
            "app_label": "corsheaders",
            "model": "corsmodel"
        }
    },
    {
        "model": "contenttypes.contenttype",
        "pk": 2,
        "fields": {
            "app_label": "admin",
            "model": "logentry"
        }
    },
    {
        "model": "contenttypes.contenttype",
        "pk": 3,
        "fields": {
            "app_label": "auth",
            "model": "permission"
        }
    },
    {
        "model": "contenttypes.contenttype",
        "pk": 4,
        "fields": {
            "app_label": "auth",
            "model": "group"
        }
    },
    {
        "model": "contenttypes.contenttype",
        "pk": 5,
        "fields": {
            "app_label": "contenttypes",
            "model": "contenttype"
        }
    },
    {
        "model": "contenttypes.contenttype",
        "pk": 6,
        "fields": {
            "app_label": "sessions",
            "model": "session"
        }
    },
    {
        "model": "contenttypes.contenttype",
        "pk": 7,
        "fields": {
            "app_label": "sites",
            "model": "site"
        }
    },
    {
        "model": "contenttypes.contenttype",
        "pk": 8,
        "fields": {
            "app_label": "gamification",
            "model": "customuser"
        }
    },
    {
        "model": "contenttypes.contenttype",
        "pk": 9,
        "fields": {
            "app_label": "gamification",
            "model": "answer"
        }
    },
    {
        "model": "contenttypes.contenttype",
        "pk": 10,
        "fields": {
            "app_label": "gamification",
            "model": "artifact"
        }
    },
    {
        "model": "contenttypes.contenttype",
        "pk": 11,
        "fields": {
            "app_label": "gamification",
            "model": "assignment"
        }
    },
    {
        "model": "contenttypes.contenttype",
        "pk": 12,
        "fields": {
            "app_label": "gamification",
            "model": "course"
        }
    },
    {
        "model": "contenttypes.contenttype",
        "pk": 13,
        "fields": {
            "app_label": "gamification",
            "model": "entity"
        }
    },
    {
        "model": "contenttypes.contenttype",
        "pk": 14,
        "fields": {
            "app_label": "gamification",
            "model": "optionchoice"
        }
    },
    {
        "model": "contenttypes.contenttype",
        "pk": 15,
        "fields": {
            "app_label": "gamification",
            "model": "question"
        }
    },
    {
        "model": "contenttypes.contenttype",
        "pk": 16,
        "fields": {
            "app_label": "gamification",
            "model": "reward"
        }
    },
    {
        "model": "contenttypes.contenttype",
        "pk": 17,
        "fields": {
            "app_label": "gamification",
            "model": "rewardtype"
        }
    },
    {
        "model": "contenttypes.contenttype",
        "pk": 18,
        "fields": {
            "app_label": "gamification",
            "model": "surveytemplate"
        }
    },
    {
        "model": "contenttypes.contenttype",
        "pk": 19,
        "fields": {
            "app_label": "gamification",
            "model": "artifactfeedback"
        }
    },
    {
        "model": "contenttypes.contenttype",
        "pk": 20,
        "fields": {
            "app_label": "gamification",
            "model": "individual"
        }
    },
    {
        "model": "contenttypes.contenttype",
        "pk": 21,
        "fields": {
            "app_label": "gamification",
            "model": "team"
        }
    },
    {
        "model": "contenttypes.contenttype",
        "pk": 22,
        "fields": {
            "app_label": "gamification",
            "model": "userreward"
        }
    },
    {
        "model": "contenttypes.contenttype",
        "pk": 23,
        "fields": {
            "app_label": "gamification",
            "model": "todolist"
        }
    },
    {
        "model": "contenttypes.contenttype",
        "pk": 24,
        "fields": {
            "app_label": "gamification",
            "model": "surveysection"
        }
    },
    {
        "model": "contenttypes.contenttype",
        "pk": 25,
        "fields": {
            "app_label": "gamification",
            "model": "registration"
        }
    },
    {
        "model": "contenttypes.contenttype",
        "pk": 26,
        "fields": {
            "app_label": "gamification",
            "model": "questionoption"
        }
    },
    {
        "model": "contenttypes.contenttype",
        "pk": 27,
        "fields": {
            "app_label": "gamification",
            "model": "membership"
        }
    },
    {
        "model": "contenttypes.contenttype",
        "pk": 28,
        "fields": {
            "app_label": "gamification",
            "model": "grade"
        }
    },
    {
        "model": "contenttypes.contenttype",
        "pk": 29,
        "fields": {
            "app_label": "gamification",
            "model": "feedbacksurvey"
        }
    },
    {
        "model": "contenttypes.contenttype",
        "pk": 30,
        "fields": {
            "app_label": "gamification",
            "model": "deduction"
        }
    },
    {
        "model": "contenttypes.contenttype",
        "pk": 31,
        "fields": {
            "app_label": "gamification",
            "model": "artifactreview"
        }
    },
    {
        "model": "contenttypes.contenttype",
        "pk": 32,
        "fields": {
            "app_label": "gamification",
            "model": "xppoints"
        }
    },
    {
        "model": "contenttypes.contenttype",
        "pk": 33,
        "fields": {
            "app_label": "gamification",
            "model": "behavior"
        }
    },
    {
        "model": "contenttypes.contenttype",
        "pk": 34,
        "fields": {
            "app_label": "gamification",
            "model": "exphistory"
        }
    },
    {
        "model": "sites.site",
        "pk": 1,
        "fields": {
            "domain": "example.com",
            "name": "example.com"
        }
    },
    {
        "model": "gamification.membership",
        "pk": 1,
        "fields": {
            "student": 2,
            "entity": 1
        }
    },
    {
        "model": "gamification.membership",
        "pk": 2,
        "fields": {
            "student": 3,
            "entity": 2
        }
    },
    {
        "model": "gamification.entity",
        "pk": 1,
        "fields": {
            "course": 1
        }
    },
    {
        "model": "gamification.entity",
        "pk": 2,
        "fields": {
            "course": 1
        }
    },
    {
        "model": "gamification.individual",
        "pk": 1,
        "fields": {}
    },
    {
        "model": "gamification.individual",
        "pk": 2,
        "fields": {}
    },
    {
        "model": "gamification.customuser",
        "pk": 1,
        "fields": {
            "password": "pbkdf2_sha256$260000$eiusJsvZT4Ij3nnaTcr8ZC$pfyHBkgah3TbuZ6knjo6xzCPoB8HCsxYJiLlvUwsUTg=",
            "last_login": null,
            "is_superuser": true,
            "andrew_id": "vagartha",
            "image": "",
            "first_name": "",
            "last_name": "",
            "email": "vagartha@andrew.cmu.edu",
            "is_staff": true,
            "is_active": true,
            "date_joined": "2023-06-12T17:07:02.544Z",
            "exp": 0,
            "theme": null,
            "groups": [],
            "user_permissions": []
        }
    },
    {
        "model": "gamification.customuser",
        "pk": 2,
        "fields": {
            "password": "pbkdf2_sha256$260000$KYVxiKBp6W3YUPEyP7lfWI$ycGGluPZSp6nVzt6QkEPGkgUYRuKTEVr8lChdf/t4ZY=",
            "last_login": null,
            "is_superuser": false,
            "andrew_id": "ldasilva",
            "image": "",
            "first_name": "",
            "last_name": "",
            "email": "ldasilva@andrew.cmu.edu",
            "is_staff": false,
            "is_active": true,
            "date_joined": "2023-06-12T17:07:19.719Z",
            "exp": 1000,
            "theme": null,
            "groups": [],
            "user_permissions": []
        }
    },
    {
        "model": "gamification.customuser",
        "pk": 3,
        "fields": {
            "password": "pbkdf2_sha256$260000$d6IOeFvhSeYJsNsRNRUjEA$zXMO9JKZuW+j7g24tjWwJWmS9z5nZXiI2YQ2d/23a4U=",
            "last_login": null,
            "is_superuser": false,
            "andrew_id": "rwlodars",
            "image": "",
            "first_name": "",
            "last_name": "",
            "email": "rwlodars@andrew.cmu.edu",
            "is_staff": false,
            "is_active": true,
            "date_joined": "2023-06-12T17:08:01.149Z",
            "exp": 1000,
            "theme": null,
            "groups": [],
            "user_permissions": []
        }
    },
    {
        "model": "gamification.customuser",
        "pk": 4,
        "fields": {
            "password": "pbkdf2_sha256$260000$d6IOeFvhSeYJsNsRNRUjEA$zXMO9JKZuW+j7g24tjWwJWmS9z5nZXiI2YQ2d/23a4U=",
            "last_login": null,
            "is_superuser": false,
            "andrew_id": "rwlodars1",
            "image": "",
            "first_name": "",
            "last_name": "",
            "email": "rwlodars1@andrew.cmu.edu",
            "is_staff": true,
            "is_active": true,
            "date_joined": "2023-06-12T17:08:01.149Z",
            "exp": 0,
            "theme": null,
            "groups": [],
            "user_permissions": []
        }
    },
    {
        "model": "gamification.customuser",
        "pk": 5,
        "fields": {
            "password": "pbkdf2_sha256$260000$KYVxiKBp6W3YUPEyP7lfWI$ycGGluPZSp6nVzt6QkEPGkgUYRuKTEVr8lChdf/t4ZY=",
            "last_login": null,
            "is_superuser": false,
            "andrew_id": "ldasilva1",
            "image": "",
            "first_name": "",
            "last_name": "",
            "email": "ldasilva1@andrew.cmu.edu",
            "is_staff": true,
            "is_active": true,
            "date_joined": "2023-06-12T17:07:19.719Z",
            "exp": 0,
            "theme": null,
            "groups": [],
            "user_permissions": []
        }
    },
    {
        "model": "gamification.customuser",
        "pk": 6,
        "fields": {
            "password": "pbkdf2_sha256$260000$eiusJsvZT4Ij3nnaTcr8ZC$pfyHBkgah3TbuZ6knjo6xzCPoB8HCsxYJiLlvUwsUTg=",
            "last_login": null,
            "is_superuser": true,
            "andrew_id": "vagartha1",
            "image": "",
            "first_name": "",
            "last_name": "",
            "email": "vagartha1@andrew.cmu.edu",
            "is_staff": false,
            "is_active": true,
            "date_joined": "2023-06-12T17:07:02.544Z",
            "exp": 0,
            "theme": null,
            "groups": [],
            "user_permissions": []
        }
    },
    {
        "model": "gamification.registration",
        "pk": 1,
        "fields": {
            "user": 1,
            "course": 1,
            "points": 0
        }
    },
    {
        "model": "gamification.registration",
        "pk": 2,
        "fields": {
            "user": 2,
            "course": 1,
            "points": 0
        }
    },
    {
        "model": "gamification.registration",
        "pk": 3,
        "fields": {
            "user": 3,
            "course": 1,
            "points": 0
        }
    },
    {
        "model": "gamification.course",
        "pk": 1,
        "fields": {
            "course_number": "18653",
            "course_name": "Foundations of Software Engineering",
            "syllabus": "This is a simple syllabus.",
            "semester": "Fall 2023",
            "visible": true,
            "picture": "courses/course_1.png"
        }
    },
    {
        "model": "gamification.feedbacksurvey",
        "pk": 1,
        "fields": {
            "template": 2,
            "assignment": 1,
            "date_released": "2023-06-19T12:00:00Z",
            "date_due": "2023-06-30T12:00:00Z"
        }
    },
    {
        "model": "gamification.assignment",
        "pk": 1,
        "fields": {
            "course": 1,
            "assignment_name": "Assignment 1",
            "description": "Please upload any PDF for a peer review.",
            "assignment_type": "Individual",
            "submission_type": "File",
            "total_score": 100,
            "weight": 0.1,
            "date_released": "2023-06-19T12:00:00Z",
            "date_due": "2023-06-30T12:00:00Z",
            "review_assign_policy": "A",
            "ipsatization_min": 80,
            "ipsatization_max": 100
        }
    },
    {
        "model": "gamification.behavior",
        "pk": 1,
        "fields": {
            "operation": "survey",
            "points": 10
        }
    },
    {
        "model": "gamification.behavior",
        "pk": 2,
        "fields": {
            "operation": "assignment",
            "points": 20
        }
    },
    {
        "model": "gamification.behavior",
        "pk": 3,
        "fields": {
            "operation": "trivia",
            "points": 5
        }
    },
    {
        "model": "gamification.optionchoice",
        "pk": 1,
        "fields": {
            "text": "",
            "question": 1
        }
    },
    {
        "model": "gamification.optionchoice",
        "pk": 2,
        "fields": {
            "text": "",
            "question": 2
        }
    },
    {
        "model": "gamification.optionchoice",
        "pk": 3,
        "fields": {
            "text": "",
            "question": 3
        }
    },
    {
        "model": "gamification.optionchoice",
        "pk": 4,
        "fields": {
            "text": "",
            "question": 4
        }
    },
    {
        "model": "gamification.optionchoice",
        "pk": 5,
        "fields": {
            "text": "",
            "question": 5
        }
    },
    {
        "model": "gamification.optionchoice",
        "pk": 6,
        "fields": {
            "text": "",
            "question": 6
        }
    },
    {
        "model": "gamification.optionchoice",
        "pk": 7,
        "fields": {
            "text": "",
            "question": 7
        }
    },
    {
        "model": "gamification.optionchoice",
        "pk": 10,
        "fields": {
            "text": "",
            "question": 10
        }
    },
    {
        "model": "gamification.optionchoice",
        "pk": 11,
        "fields": {
            "text": "",
            "question": 11
        }
    },
    {
        "model": "gamification.optionchoice",
        "pk": 12,
        "fields": {
            "text": "",
            "question": 12
        }
    },
    {
        "model": "gamification.optionchoice",
        "pk": 13,
        "fields": {
            "text": "",
            "question": 13
        }
    },
    {
        "model": "gamification.optionchoice",
        "pk": 14,
        "fields": {
            "text": "",
            "question": 14
        }
    },
    {
        "model": "gamification.optionchoice",
        "pk": 15,
        "fields": {
            "text": "",
            "question": 15
        }
    },
    {
        "model": "gamification.optionchoice",
        "pk": 16,
        "fields": {
            "text": "",
            "question": 16
        }
    },
    {
        "model": "gamification.optionchoice",
        "pk": 17,
        "fields": {
            "text": "",
            "question": 17
        }
    },
    {
        "model": "gamification.optionchoice",
        "pk": 18,
        "fields": {
            "text": "",
            "question": 18
        }
    },
    {
        "model": "gamification.optionchoice",
        "pk": 19,
        "fields": {
            "text": "",
            "question": 19
        }
    },
    {
        "model": "gamification.optionchoice",
        "pk": 20,
        "fields": {
            "text": "",
            "question": 20
        }
    },
    {
        "model": "gamification.optionchoice",
        "pk": 21,
        "fields": {
            "text": "",
            "question": 21
        }
    },
    {
        "model": "gamification.optionchoice",
        "pk": 22,
        "fields": {
            "text": "",
            "question": 22
        }
    },
    {
        "model": "gamification.optionchoice",
        "pk": 23,
        "fields": {
            "text": "",
            "question": 23
        }
    },
    {
        "model": "gamification.optionchoice",
        "pk": 24,
        "fields": {
            "text": "",
            "question": 24
        }
    },
    {
        "model": "gamification.optionchoice",
        "pk": 25,
        "fields": {
            "text": "",
            "question": 25
        }
    },
    {
        "model": "gamification.optionchoice",
        "pk": 26,
        "fields": {
            "text": "",
            "question": 26
        }
    },
    {
        "model": "gamification.optionchoice",
        "pk": 27,
        "fields": {
            "text": "",
            "question": 27
        }
    },
    {
        "model": "gamification.optionchoice",
        "pk": 28,
        "fields": {
            "text": "",
            "question": 28
        }
    },
    {
        "model": "gamification.optionchoice",
        "pk": 29,
        "fields": {
            "text": "",
            "question": 29
        }
    },
    {
        "model": "gamification.optionchoice",
        "pk": 30,
        "fields": {
            "text": "",
            "question": 30
        }
    },
    {
        "model": "gamification.optionchoice",
        "pk": 31,
        "fields": {
            "text": "",
            "question": 31
        }
    },
    {
        "model": "gamification.optionchoice",
        "pk": 32,
        "fields": {
            "text": "",
            "question": 32
        }
    },
    {
        "model": "gamification.optionchoice",
        "pk": 33,
        "fields": {
            "text": "",
            "question": 33
        }
    },
    {
        "model": "gamification.optionchoice",
        "pk": 34,
        "fields": {
            "text": "",
            "question": 34
        }
    },
    {
        "model": "gamification.optionchoice",
        "pk": 35,
        "fields": {
            "text": "",
            "question": 35
        }
    },
    {
        "model": "gamification.optionchoice",
        "pk": 36,
        "fields": {
            "text": "",
            "question": 36
        }
    },
    {
        "model": "gamification.optionchoice",
        "pk": 37,
        "fields": {
            "text": "",
            "question": 37
        }
    },
    {
        "model": "gamification.optionchoice",
        "pk": 38,
        "fields": {
            "text": "",
            "question": 38
        }
    },
    {
        "model": "gamification.optionchoice",
        "pk": 39,
        "fields": {
            "text": "",
            "question": 39
        }
    },
    {
        "model": "gamification.optionchoice",
        "pk": 53,
        "fields": {
            "text": "Needs improvement",
            "question": 49
        }
    },
    {
        "model": "gamification.optionchoice",
        "pk": 54,
        "fields": {
            "text": "Average",
            "question": 49
        }
    },
    {
        "model": "gamification.optionchoice",
        "pk": 55,
        "fields": {
            "text": "Excellent",
            "question": 49
        }
    },
    {
        "model": "gamification.optionchoice",
        "pk": 56,
        "fields": {
            "text": "",
            "question": 50
        }
    },
    {
        "model": "gamification.optionchoice",
        "pk": 57,
        "fields": {
            "text": "Concept",
            "question": 51
        }
    },
    {
        "model": "gamification.optionchoice",
        "pk": 58,
        "fields": {
            "text": "Language",
            "question": 51
        }
    },
    {
        "model": "gamification.optionchoice",
        "pk": 59,
        "fields": {
            "text": "Presentation",
            "question": 51
        }
    },
    {
        "model": "gamification.optionchoice",
        "pk": 60,
        "fields": {
            "text": "",
            "question": 52
        }
    },
    {
        "model": "gamification.optionchoice",
        "pk": 61,
        "fields": {
            "text": "",
            "question": 53
        }
    },
    {
        "model": "gamification.optionchoice",
        "pk": 62,
        "fields": {
            "text": "",
            "question": 54
        }
    },
    {
        "model": "gamification.optionchoice",
        "pk": 63,
        "fields": {
            "text": "",
            "question": 55
        }
    },
    {
        "model": "gamification.optionchoice",
        "pk": 64,
        "fields": {
            "text": "",
            "question": 56
        }
    },
    {
        "model": "gamification.question",
        "pk": 1,
        "fields": {
            "section": 1,
            "text": "The title of the presentation was clear.",
            "is_required": true,
            "question_type": "SCALEMULTIPLECHOICE",
            "number_of_scale": 5,
            "number_of_text": 1,
            "gamified": true,
            "phrased_positively": true
        }
    },
    {
        "model": "gamification.question",
        "pk": 2,
        "fields": {
            "section": 1,
            "text": "The title reflected well the content of the presentation.",
            "is_required": true,
            "question_type": "SCALEMULTIPLECHOICE",
            "number_of_scale": 5,
            "number_of_text": 1,
            "gamified": true,
            "phrased_positively": true
        }
    },
    {
        "model": "gamification.question",
        "pk": 3,
        "fields": {
            "section": 2,
            "text": "The main problem (research question/goal) was stated explicitly.",
            "is_required": true,
            "question_type": "SCALEMULTIPLECHOICE",
            "number_of_scale": 5,
            "number_of_text": 1,
            "gamified": true,
            "phrased_positively": true
        }
    },
    {
        "model": "gamification.question",
        "pk": 4,
        "fields": {
            "section": 2,
            "text": "The main problem (research question/goal) was clearly explained, with the current audience in mind.",
            "is_required": true,
            "question_type": "SCALEMULTIPLECHOICE",
            "number_of_scale": 5,
            "number_of_text": 1,
            "gamified": true,
            "phrased_positively": true
        }
    },
    {
        "model": "gamification.question",
        "pk": 5,
        "fields": {
            "section": 2,
            "text": "I understood the SE problem.",
            "is_required": true,
            "question_type": "SCALEMULTIPLECHOICE",
            "number_of_scale": 5,
            "number_of_text": 1,
            "gamified": true,
            "phrased_positively": true
        }
    },
    {
        "model": "gamification.question",
        "pk": 6,
        "fields": {
            "section": 2,
            "text": "I understood the relevance of addressing the problem.",
            "is_required": true,
            "question_type": "SCALEMULTIPLECHOICE",
            "number_of_scale": 5,
            "number_of_text": 1,
            "gamified": true,
            "phrased_positively": true
        }
    },
    {
        "model": "gamification.question",
        "pk": 7,
        "fields": {
            "section": 2,
            "text": "I found the probleml interesting.",
            "is_required": true,
            "question_type": "SCALEMULTIPLECHOICE",
            "number_of_scale": 5,
            "number_of_text": 1,
            "gamified": true,
            "phrased_positively": true
        }
    },
    {
        "model": "gamification.question",
        "pk": 10,
        "fields": {
            "section": 3,
            "text": "It was clearly stated.",
            "is_required": true,
            "question_type": "SCALEMULTIPLECHOICE",
            "number_of_scale": 5,
            "number_of_text": 1,
            "gamified": true,
            "phrased_positively": true
        }
    },
    {
        "model": "gamification.question",
        "pk": 11,
        "fields": {
            "section": 3,
            "text": "The presenter clearly related it to the SE problem (and research question/goal).",
            "is_required": true,
            "question_type": "SCALEMULTIPLECHOICE",
            "number_of_scale": 5,
            "number_of_text": 1,
            "gamified": true,
            "phrased_positively": true
        }
    },
    {
        "model": "gamification.question",
        "pk": 12,
        "fields": {
            "section": 3,
            "text": "I understood the (expected) contributions of the study.",
            "is_required": true,
            "question_type": "SCALEMULTIPLECHOICE",
            "number_of_scale": 5,
            "number_of_text": 1,
            "gamified": true,
            "phrased_positively": true
        }
    },
    {
        "model": "gamification.question",
        "pk": 13,
        "fields": {
            "section": 3,
            "text": "The presenter convinced me of the significance of the contribution(s). ",
            "is_required": true,
            "question_type": "SCALEMULTIPLECHOICE",
            "number_of_scale": 5,
            "number_of_text": 1,
            "gamified": true,
            "phrased_positively": true
        }
    },
    {
        "model": "gamification.question",
        "pk": 14,
        "fields": {
            "section": 4,
            "text": "The methodology was well structured.",
            "is_required": true,
            "question_type": "SCALEMULTIPLECHOICE",
            "number_of_scale": 5,
            "number_of_text": 1,
            "gamified": true,
            "phrased_positively": true
        }
    },
    {
        "model": "gamification.question",
        "pk": 15,
        "fields": {
            "section": 4,
            "text": "The presenter clearly related the methodology to the problem (research question/goal).",
            "is_required": true,
            "question_type": "SCALEMULTIPLECHOICE",
            "number_of_scale": 5,
            "number_of_text": 1,
            "gamified": true,
            "phrased_positively": true
        }
    },
    {
        "model": "gamification.question",
        "pk": 16,
        "fields": {
            "section": 4,
            "text": "Results were clearly and adequately presented.",
            "is_required": true,
            "question_type": "SCALEMULTIPLECHOICE",
            "number_of_scale": 5,
            "number_of_text": 1,
            "gamified": true,
            "phrased_positively": true
        }
    },
    {
        "model": "gamification.question",
        "pk": 17,
        "fields": {
            "section": 4,
            "text": "Limitations/gaps of existing work (or traditional techinique) were clearly presented.",
            "is_required": true,
            "question_type": "SCALEMULTIPLECHOICE",
            "number_of_scale": 5,
            "number_of_text": 1,
            "gamified": true,
            "phrased_positively": true
        }
    },
    {
        "model": "gamification.question",
        "pk": 18,
        "fields": {
            "section": 4,
            "text": "Results and limitations were clearly related to the research question.",
            "is_required": true,
            "question_type": "SCALEMULTIPLECHOICE",
            "number_of_scale": 5,
            "number_of_text": 1,
            "gamified": true,
            "phrased_positively": true
        }
    },
    {
        "model": "gamification.question",
        "pk": 19,
        "fields": {
            "section": 5,
            "text": "The presenter seems to have rehearsed.",
            "is_required": true,
            "question_type": "SCALEMULTIPLECHOICE",
            "number_of_scale": 5,
            "number_of_text": 1,
            "gamified": true,
            "phrased_positively": true
        }
    },
    {
        "model": "gamification.question",
        "pk": 20,
        "fields": {
            "section": 5,
            "text": "The presentation was structured in a logical way.",
            "is_required": true,
            "question_type": "SCALEMULTIPLECHOICE",
            "number_of_scale": 5,
            "number_of_text": 1,
            "gamified": true,
            "phrased_positively": true
        }
    },
    {
        "model": "gamification.question",
        "pk": 21,
        "fields": {
            "section": 5,
            "text": "The presentation was well designed (sliders are clear, visually appealing, no typos etc.).",
            "is_required": true,
            "question_type": "SCALEMULTIPLECHOICE",
            "number_of_scale": 5,
            "number_of_text": 1,
            "gamified": true,
            "phrased_positively": true
        }
    },
    {
        "model": "gamification.question",
        "pk": 22,
        "fields": {
            "section": 5,
            "text": "The presentation was well delivered.",
            "is_required": true,
            "question_type": "SCALEMULTIPLECHOICE",
            "number_of_scale": 5,
            "number_of_text": 1,
            "gamified": true,
            "phrased_positively": true
        }
    },
    {
        "model": "gamification.question",
        "pk": 23,
        "fields": {
            "section": 5,
            "text": "The presenter used clear and accessible language (i.e. avoided unnecessary jargon and provided the necessary definitions).",
            "is_required": true,
            "question_type": "SCALEMULTIPLECHOICE",
            "number_of_scale": 5,
            "number_of_text": 1,
            "gamified": true,
            "phrased_positively": true
        }
    },
    {
        "model": "gamification.question",
        "pk": 24,
        "fields": {
            "section": 5,
            "text": "The presenter transitioned between the main parts of the presentation clearly and effectively.",
            "is_required": true,
            "question_type": "SCALEMULTIPLECHOICE",
            "number_of_scale": 5,
            "number_of_text": 1,
            "gamified": true,
            "phrased_positively": true
        }
    },
    {
        "model": "gamification.question",
        "pk": 25,
        "fields": {
            "section": 5,
            "text": "\"The presenter was credible. \r\n(I believe he/she knows what he/she is talking about.)\"",
            "is_required": true,
            "question_type": "SCALEMULTIPLECHOICE",
            "number_of_scale": 5,
            "number_of_text": 1,
            "gamified": true,
            "phrased_positively": true
        }
    },
    {
        "model": "gamification.question",
        "pk": 26,
        "fields": {
            "section": 5,
            "text": "The presenter was confident.",
            "is_required": true,
            "question_type": "SCALEMULTIPLECHOICE",
            "number_of_scale": 5,
            "number_of_text": 1,
            "gamified": true,
            "phrased_positively": true
        }
    },
    {
        "model": "gamification.question",
        "pk": 27,
        "fields": {
            "section": 5,
            "text": "The presenter connected with the audience.",
            "is_required": true,
            "question_type": "SCALEMULTIPLECHOICE",
            "number_of_scale": 5,
            "number_of_text": 1,
            "gamified": true,
            "phrased_positively": true
        }
    },
    {
        "model": "gamification.question",
        "pk": 28,
        "fields": {
            "section": 5,
            "text": "The presenter used pacing, pausing, gestures and movement effectively and appropriately.",
            "is_required": true,
            "question_type": "SCALEMULTIPLECHOICE",
            "number_of_scale": 5,
            "number_of_text": 1,
            "gamified": true,
            "phrased_positively": true
        }
    },
    {
        "model": "gamification.question",
        "pk": 29,
        "fields": {
            "section": 5,
            "text": "The presenter answered the questions appropriately.",
            "is_required": true,
            "question_type": "SCALEMULTIPLECHOICE",
            "number_of_scale": 5,
            "number_of_text": 1,
            "gamified": true,
            "phrased_positively": true
        }
    },
    {
        "model": "gamification.question",
        "pk": 30,
        "fields": {
            "section": 6,
            "text": "test slide",
            "is_required": false,
            "question_type": "SLIDEREVIEW",
            "number_of_scale": 5,
            "number_of_text": 1,
            "gamified": true,
            "phrased_positively": true
        }
    },
    {
        "model": "gamification.question",
        "pk": 31,
        "fields": {
            "section": 8,
            "text": "Three best characteristics of the presentation",
            "is_required": false,
            "question_type": "MULTIPLETEXT",
            "number_of_scale": 5,
            "number_of_text": 3,
            "gamified": true,
            "phrased_positively": true
        }
    },
    {
        "model": "gamification.question",
        "pk": 32,
        "fields": {
            "section": 8,
            "text": "Three main points that need improvement",
            "is_required": false,
            "question_type": "MULTIPLETEXT",
            "number_of_scale": 5,
            "number_of_text": 3,
            "gamified": true,
            "phrased_positively": true
        }
    },
    {
        "model": "gamification.question",
        "pk": 33,
        "fields": {
            "section": 8,
            "text": "What questions would you like to see answered in the final presentatin and/or report?",
            "is_required": false,
            "question_type": "MULTIPLETEXT",
            "number_of_scale": 5,
            "number_of_text": 3,
            "gamified": true,
            "phrased_positively": true
        }
    },
    {
        "model": "gamification.question",
        "pk": 34,
        "fields": {
            "section": 8,
            "text": "What can the presenter do to improve his/her presentation",
            "is_required": false,
            "question_type": "TEXTAREA",
            "number_of_scale": 5,
            "number_of_text": 1,
            "gamified": true,
            "phrased_positively": true
        }
    },
    {
        "model": "gamification.question",
        "pk": 35,
        "fields": {
            "section": 7,
            "text": "Content",
            "is_required": true,
            "question_type": "NUMBER",
            "number_of_scale": 5,
            "number_of_text": 1,
            "gamified": true,
            "phrased_positively": true
        }
    },
    {
        "model": "gamification.question",
        "pk": 36,
        "fields": {
            "section": 7,
            "text": "Design",
            "is_required": true,
            "question_type": "NUMBER",
            "number_of_scale": 5,
            "number_of_text": 1,
            "gamified": true,
            "phrased_positively": true
        }
    },
    {
        "model": "gamification.question",
        "pk": 37,
        "fields": {
            "section": 7,
            "text": "Delivery",
            "is_required": true,
            "question_type": "NUMBER",
            "number_of_scale": 5,
            "number_of_text": 1,
            "gamified": true,
            "phrased_positively": true
        }
    },
    {
        "model": "gamification.question",
        "pk": 38,
        "fields": {
            "section": 7,
            "text": "Overall",
            "is_required": true,
            "question_type": "NUMBER",
            "number_of_scale": 5,
            "number_of_text": 1,
            "gamified": true,
            "phrased_positively": true
        }
    },
    {
        "model": "gamification.question",
        "pk": 39,
        "fields": {
            "section": 7,
            "text": "Your confidence",
            "is_required": true,
            "question_type": "NUMBER",
            "number_of_scale": 5,
            "number_of_text": 1,
            "gamified": true,
            "phrased_positively": true
        }
    },
    {
        "model": "gamification.question",
        "pk": 49,
        "fields": {
            "section": 13,
            "text": "How would you rate the student's language?",
            "is_required": true,
            "question_type": "MULTIPLECHOICE",
            "number_of_scale": 5,
            "number_of_text": 1,
            "gamified": true,
            "phrased_positively": true
        }
    },
    {
        "model": "gamification.question",
        "pk": 50,
        "fields": {
            "section": 13,
            "text": "The student's use of images was good.",
            "is_required": true,
            "question_type": "SCALEMULTIPLECHOICE",
            "number_of_scale": 3,
            "number_of_text": 1,
            "gamified": true,
            "phrased_positively": true
        }
    },
    {
        "model": "gamification.question",
        "pk": 51,
        "fields": {
            "section": 13,
            "text": "Select the best characters of this submission.",
            "is_required": false,
            "question_type": "MULTIPLESELECT",
            "number_of_scale": 5,
            "number_of_text": 1,
            "gamified": true,
            "phrased_positively": true
        }
    },
    {
        "model": "gamification.question",
        "pk": 52,
        "fields": {
            "section": 14,
            "text": "Out of a 100, what would you give this student?",
            "is_required": true,
            "question_type": "NUMBER",
            "number_of_scale": 5,
            "number_of_text": 1,
            "gamified": true,
            "phrased_positively": true
        }
    },
    {
        "model": "gamification.question",
        "pk": 53,
        "fields": {
            "section": 14,
            "text": "Name the weakest point of the presentation.",
            "is_required": true,
            "question_type": "FIXEDTEXT",
            "number_of_scale": 5,
            "number_of_text": 1,
            "gamified": true,
            "phrased_positively": true
        }
    },
    {
        "model": "gamification.question",
        "pk": 54,
        "fields": {
            "section": 14,
            "text": "Name 3 strong points of the presentation.",
            "is_required": true,
            "question_type": "MULTIPLETEXT",
            "number_of_scale": 5,
            "number_of_text": 3,
            "gamified": true,
            "phrased_positively": true
        }
    },
    {
        "model": "gamification.question",
        "pk": 55,
        "fields": {
            "section": 14,
            "text": "Any other feedback for the student?",
            "is_required": true,
            "question_type": "TEXTAREA",
            "number_of_scale": 5,
            "number_of_text": 1,
            "gamified": true,
            "phrased_positively": true
        }
    },
    {
        "model": "gamification.question",
        "pk": 56,
        "fields": {
            "section": 15,
            "text": "",
            "is_required": false,
            "question_type": "SLIDEREVIEW",
            "number_of_scale": 5,
            "number_of_text": 1,
            "gamified": true,
            "phrased_positively": true
        }
    },
    {
        "model": "gamification.surveysection",
        "pk": 1,
        "fields": {
            "template": 1,
            "title": "Title",
            "description": "",
            "is_required": true
        }
    },
    {
        "model": "gamification.surveysection",
        "pk": 2,
        "fields": {
            "template": 1,
            "title": "Software engineering problem (Research question / goal)",
            "description": "",
            "is_required": true
        }
    },
    {
        "model": "gamification.surveysection",
        "pk": 3,
        "fields": {
            "template": 1,
            "title": "Proposal / Study / Solution",
            "description": "",
            "is_required": true
        }
    },
    {
        "model": "gamification.surveysection",
        "pk": 4,
        "fields": {
            "template": 1,
            "title": "Methodology",
            "description": "",
            "is_required": true
        }
    },
    {
        "model": "gamification.surveysection",
        "pk": 5,
        "fields": {
            "template": 1,
            "title": "Presentation",
            "description": "",
            "is_required": true
        }
    },
    {
        "model": "gamification.surveysection",
        "pk": 6,
        "fields": {
            "template": 1,
            "title": "Artifact",
            "description": "",
            "is_required": false
        }
    },
    {
        "model": "gamification.surveysection",
        "pk": 7,
        "fields": {
            "template": 1,
            "title": "Aspect",
            "description": "How do you grade the following aspects?",
            "is_required": true
        }
    },
    {
        "model": "gamification.surveysection",
        "pk": 8,
        "fields": {
            "template": 1,
            "title": "Optional",
            "description": "",
            "is_required": false
        }
    },
    {
        "model": "gamification.surveysection",
        "pk": 13,
        "fields": {
            "template": 2,
            "title": "Multiple Choice Section",
            "description": "",
            "is_required": true
        }
    },
    {
        "model": "gamification.surveysection",
        "pk": 14,
        "fields": {
            "template": 2,
            "title": "Text Section",
            "description": "",
            "is_required": true
        }
    },
    {
        "model": "gamification.surveysection",
        "pk": 15,
        "fields": {
            "template": 2,
            "title": "Artifact",
            "description": "",
            "is_required": false
        }
    },
    {
        "model": "gamification.surveytemplate",
        "pk": 1,
        "fields": {
            "name": "Survey Template",
            "instructions": "",
            "trivia": null
        }
    },
    {
        "model": "gamification.surveytemplate",
        "pk": 2,
        "fields": {
            "name": "Assignment 1 Review",
            "instructions": "Review the PDF.",
            "trivia": 1
        }
    },
    {
        "model": "gamification.trivia",
        "pk": 1,
        "fields": {
            "question": "What is my favorite type of dessert?",
            "answer": "Tiramasu",
            "hints": "[\"It is a type of cake.\", \"It is an Italian dessert.\", \"It consists of 2 flavors: chocolate and coffee.\"]"
        }
    }
]