[{"model": "gamification.surveytemplate", "pk": 1, "fields": {"name": "Survey Template", "instructions": "", "is_template": true, "other_info": ""}}, {"model": "gamification.surveysection", "pk": 1, "fields": {"template": 1, "title": "Title", "description": "", "is_required": true, "is_template": true}}, {"model": "gamification.surveysection", "pk": 2, "fields": {"template": 1, "title": "Software engineering problem (Research question / goal)", "description": "", "is_required": true, "is_template": true}}, {"model": "gamification.surveysection", "pk": 3, "fields": {"template": 1, "title": "Proposal / Study / Solution", "description": "", "is_required": true, "is_template": true}}, {"model": "gamification.surveysection", "pk": 4, "fields": {"template": 1, "title": "Methodology", "description": "", "is_required": true, "is_template": true}}, {"model": "gamification.surveysection", "pk": 5, "fields": {"template": 1, "title": "Presentation", "description": "", "is_required": true, "is_template": true}}, {"model": "gamification.surveysection", "pk": 6, "fields": {"template": 1, "title": "Artifact", "description": "", "is_required": false, "is_template": true}}, {"model": "gamification.surveysection", "pk": 7, "fields": {"template": 1, "title": "Aspect", "description": "How do you grade the following aspects?", "is_required": true, "is_template": true}}, {"model": "gamification.surveysection", "pk": 8, "fields": {"template": 1, "title": "Optional", "description": "", "is_required": false, "is_template": true}}, {"model": "gamification.question", "pk": 1, "fields": {"section": 1, "text": "The title of the presentation was clear.", "is_required": true, "is_multiple": false, "is_template": true, "dependent_question": null, "question_type": "MULTIPLECHOICE"}}, {"model": "gamification.question", "pk": 2, "fields": {"section": 1, "text": "The title reflected well the content of the presentation.", "is_required": true, "is_multiple": false, "is_template": true, "dependent_question": null, "question_type": "MULTIPLECHOICE"}}, {"model": "gamification.question", "pk": 3, "fields": {"section": 2, "text": "The main problem (research question/goal) was stated explicitly.", "is_required": true, "is_multiple": false, "is_template": true, "dependent_question": null, "question_type": "MULTIPLECHOICE"}}, {"model": "gamification.question", "pk": 4, "fields": {"section": 2, "text": "The main problem (research question/goal) was clearly explained, with the current audience in mind.", "is_required": true, "is_multiple": false, "is_template": true, "dependent_question": null, "question_type": "MULTIPLECHOICE"}}, {"model": "gamification.question", "pk": 5, "fields": {"section": 2, "text": "I understood the SE problem.", "is_required": true, "is_multiple": false, "is_template": true, "dependent_question": null, "question_type": "MULTIPLECHOICE"}}, {"model": "gamification.question", "pk": 6, "fields": {"section": 2, "text": "I understood the relevance of addressing the problem.", "is_required": true, "is_multiple": false, "is_template": true, "dependent_question": null, "question_type": "MULTIPLECHOICE"}}, {"model": "gamification.question", "pk": 7, "fields": {"section": 2, "text": "I found the probleml interesting.", "is_required": true, "is_multiple": false, "is_template": true, "dependent_question": null, "question_type": "MULTIPLECHOICE"}}, {"model": "gamification.question", "pk": 10, "fields": {"section": 3, "text": "It was clearly stated.", "is_required": true, "is_multiple": false, "is_template": true, "dependent_question": null, "question_type": "MULTIPLECHOICE"}}, {"model": "gamification.question", "pk": 11, "fields": {"section": 3, "text": "The presenter clearly related it to the SE problem (and research question/goal).", "is_required": true, "is_multiple": false, "is_template": true, "dependent_question": null, "question_type": "MULTIPLECHOICE"}}, {"model": "gamification.question", "pk": 12, "fields": {"section": 3, "text": "I understood the (expected) contributions of the study.", "is_required": true, "is_multiple": false, "is_template": true, "dependent_question": null, "question_type": "MULTIPLECHOICE"}}, {"model": "gamification.question", "pk": 13, "fields": {"section": 3, "text": "The presenter convinced me of the significance of the contribution(s). ", "is_required": true, "is_multiple": false, "is_template": true, "dependent_question": null, "question_type": "MULTIPLECHOICE"}}, {"model": "gamification.question", "pk": 14, "fields": {"section": 4, "text": "The methodology was well structured.", "is_required": true, "is_multiple": false, "is_template": true, "dependent_question": null, "question_type": "MULTIPLECHOICE"}}, {"model": "gamification.question", "pk": 15, "fields": {"section": 4, "text": "The presenter clearly related the methodology to the problem (research question/goal).", "is_required": true, "is_multiple": false, "is_template": true, "dependent_question": null, "question_type": "MULTIPLECHOICE"}}, {"model": "gamification.question", "pk": 16, "fields": {"section": 4, "text": "Results were clearly and adequately presented.", "is_required": true, "is_multiple": false, "is_template": true, "dependent_question": null, "question_type": "MULTIPLECHOICE"}}, {"model": "gamification.question", "pk": 17, "fields": {"section": 4, "text": "Limitations/gaps of existing work (or traditional techinique) were clearly presented.", "is_required": true, "is_multiple": false, "is_template": true, "dependent_question": null, "question_type": "MULTIPLECHOICE"}}, {"model": "gamification.question", "pk": 18, "fields": {"section": 4, "text": "Results and limitations were clearly related to the research question.", "is_required": true, "is_multiple": false, "is_template": true, "dependent_question": null, "question_type": "MULTIPLECHOICE"}}, {"model": "gamification.question", "pk": 19, "fields": {"section": 5, "text": "The presenter seems to have rehearsed.", "is_required": true, "is_multiple": false, "is_template": true, "dependent_question": null, "question_type": "MULTIPLECHOICE"}}, {"model": "gamification.question", "pk": 20, "fields": {"section": 5, "text": "The presentation was structured in a logical way.", "is_required": true, "is_multiple": false, "is_template": true, "dependent_question": null, "question_type": "MULTIPLECHOICE"}}, {"model": "gamification.question", "pk": 21, "fields": {"section": 5, "text": "The presentation was well designed (sliders are clear, visually appealing, no typos etc.).", "is_required": true, "is_multiple": false, "is_template": true, "dependent_question": null, "question_type": "MULTIPLECHOICE"}}, {"model": "gamification.question", "pk": 22, "fields": {"section": 5, "text": "The presentation was well delivered.", "is_required": true, "is_multiple": false, "is_template": true, "dependent_question": null, "question_type": "MULTIPLECHOICE"}}, {"model": "gamification.question", "pk": 23, "fields": {"section": 5, "text": "The presenter used clear and accessible language (i.e. avoided unnecessary jargon and provided the necessary definitions).", "is_required": true, "is_multiple": false, "is_template": true, "dependent_question": null, "question_type": "MULTIPLECHOICE"}}, {"model": "gamification.question", "pk": 24, "fields": {"section": 5, "text": "The presenter transitioned between the main parts of the presentation clearly and effectively.", "is_required": true, "is_multiple": false, "is_template": true, "dependent_question": null, "question_type": "MULTIPLECHOICE"}}, {"model": "gamification.question", "pk": 25, "fields": {"section": 5, "text": "\"The presenter was credible. \r\n(I believe he/she knows what he/she is talking about.)\"", "is_required": true, "is_multiple": false, "is_template": true, "dependent_question": null, "question_type": "MULTIPLECHOICE"}}, {"model": "gamification.question", "pk": 26, "fields": {"section": 5, "text": "The presenter was confident.", "is_required": true, "is_multiple": false, "is_template": true, "dependent_question": null, "question_type": "MULTIPLECHOICE"}}, {"model": "gamification.question", "pk": 27, "fields": {"section": 5, "text": "The presenter connected with the audience.", "is_required": true, "is_multiple": false, "is_template": true, "dependent_question": null, "question_type": "MULTIPLECHOICE"}}, {"model": "gamification.question", "pk": 28, "fields": {"section": 5, "text": "The presenter used pacing, pausing, gestures and movement effectively and appropriately.", "is_required": true, "is_multiple": false, "is_template": true, "dependent_question": null, "question_type": "MULTIPLECHOICE"}}, {"model": "gamification.question", "pk": 29, "fields": {"section": 5, "text": "The presenter answered the questions appropriately.", "is_required": true, "is_multiple": false, "is_template": true, "dependent_question": null, "question_type": "MULTIPLECHOICE"}}, {"model": "gamification.question", "pk": 30, "fields": {"section": 6, "text": "test slide", "is_required": false, "is_multiple": false, "is_template": true, "dependent_question": null, "question_type": "SLIDEREVIEW"}}, {"model": "gamification.question", "pk": 31, "fields": {"section": 8, "text": "Three best characteristics of the presentation", "is_required": false, "is_multiple": false, "is_template": true, "dependent_question": null, "question_type": "FIXEDTEXT"}}, {"model": "gamification.question", "pk": 32, "fields": {"section": 8, "text": "Three main points that need improvement", "is_required": false, "is_multiple": false, "is_template": true, "dependent_question": null, "question_type": "FIXEDTEXT"}}, {"model": "gamification.question", "pk": 33, "fields": {"section": 8, "text": "What questions would you like to see answered in the final presentatin and/or report?", "is_required": false, "is_multiple": false, "is_template": true, "dependent_question": null, "question_type": "MULTIPLETEXT"}}, {"model": "gamification.question", "pk": 34, "fields": {"section": 8, "text": "What can the presenter do to improve his/her presentation", "is_required": false, "is_multiple": false, "is_template": true, "dependent_question": null, "question_type": "TEXTAREA"}}, {"model": "gamification.question", "pk": 35, "fields": {"section": 7, "text": "Content", "is_required": true, "is_multiple": false, "is_template": true, "dependent_question": null, "question_type": "NUMBER"}}, {"model": "gamification.question", "pk": 36, "fields": {"section": 7, "text": "Design", "is_required": true, "is_multiple": false, "is_template": true, "dependent_question": null, "question_type": "NUMBER"}}, {"model": "gamification.question", "pk": 37, "fields": {"section": 7, "text": "Delivery", "is_required": true, "is_multiple": false, "is_template": true, "dependent_question": null, "question_type": "NUMBER"}}, {"model": "gamification.question", "pk": 38, "fields": {"section": 7, "text": "Overall", "is_required": true, "is_multiple": false, "is_template": true, "dependent_question": null, "question_type": "NUMBER"}}, {"model": "gamification.question", "pk": 39, "fields": {"section": 7, "text": "Your confidence", "is_required": true, "is_multiple": false, "is_template": true, "dependent_question": null, "question_type": "NUMBER"}}, {"model": "gamification.optionchoice", "pk": 1, "fields": {"text": "strongly disagree"}}, {"model": "gamification.optionchoice", "pk": 2, "fields": {"text": "disagree"}}, {"model": "gamification.optionchoice", "pk": 3, "fields": {"text": "neutral"}}, {"model": "gamification.optionchoice", "pk": 4, "fields": {"text": "agree"}}, {"model": "gamification.optionchoice", "pk": 5, "fields": {"text": "strongly agree"}}, {"model": "gamification.optionchoice", "pk": 6, "fields": {"text": ""}}, {"model": "gamification.questionoption", "pk": 1, "fields": {"question": 1, "option_choice": 1, "number_of_text": 1}}, {"model": "gamification.questionoption", "pk": 2, "fields": {"question": 1, "option_choice": 2, "number_of_text": 1}}, {"model": "gamification.questionoption", "pk": 3, "fields": {"question": 1, "option_choice": 3, "number_of_text": 1}}, {"model": "gamification.questionoption", "pk": 4, "fields": {"question": 1, "option_choice": 4, "number_of_text": 1}}, {"model": "gamification.questionoption", "pk": 5, "fields": {"question": 1, "option_choice": 5, "number_of_text": 1}}, {"model": "gamification.questionoption", "pk": 6, "fields": {"question": 2, "option_choice": 1, "number_of_text": 1}}, {"model": "gamification.questionoption", "pk": 7, "fields": {"question": 2, "option_choice": 2, "number_of_text": 1}}, {"model": "gamification.questionoption", "pk": 8, "fields": {"question": 2, "option_choice": 3, "number_of_text": 1}}, {"model": "gamification.questionoption", "pk": 9, "fields": {"question": 2, "option_choice": 4, "number_of_text": 1}}, {"model": "gamification.questionoption", "pk": 10, "fields": {"question": 2, "option_choice": 5, "number_of_text": 1}}, {"model": "gamification.questionoption", "pk": 11, "fields": {"question": 3, "option_choice": 1, "number_of_text": 1}}, {"model": "gamification.questionoption", "pk": 12, "fields": {"question": 3, "option_choice": 2, "number_of_text": 1}}, {"model": "gamification.questionoption", "pk": 13, "fields": {"question": 3, "option_choice": 3, "number_of_text": 1}}, {"model": "gamification.questionoption", "pk": 14, "fields": {"question": 3, "option_choice": 4, "number_of_text": 1}}, {"model": "gamification.questionoption", "pk": 15, "fields": {"question": 3, "option_choice": 5, "number_of_text": 1}}, {"model": "gamification.questionoption", "pk": 16, "fields": {"question": 4, "option_choice": 1, "number_of_text": 1}}, {"model": "gamification.questionoption", "pk": 17, "fields": {"question": 4, "option_choice": 2, "number_of_text": 1}}, {"model": "gamification.questionoption", "pk": 18, "fields": {"question": 4, "option_choice": 3, "number_of_text": 1}}, {"model": "gamification.questionoption", "pk": 19, "fields": {"question": 4, "option_choice": 4, "number_of_text": 1}}, {"model": "gamification.questionoption", "pk": 20, "fields": {"question": 4, "option_choice": 5, "number_of_text": 1}}, {"model": "gamification.questionoption", "pk": 21, "fields": {"question": 5, "option_choice": 1, "number_of_text": 1}}, {"model": "gamification.questionoption", "pk": 22, "fields": {"question": 5, "option_choice": 2, "number_of_text": 1}}, {"model": "gamification.questionoption", "pk": 23, "fields": {"question": 5, "option_choice": 3, "number_of_text": 1}}, {"model": "gamification.questionoption", "pk": 24, "fields": {"question": 5, "option_choice": 4, "number_of_text": 1}}, {"model": "gamification.questionoption", "pk": 25, "fields": {"question": 5, "option_choice": 5, "number_of_text": 1}}, {"model": "gamification.questionoption", "pk": 26, "fields": {"question": 6, "option_choice": 1, "number_of_text": 1}}, {"model": "gamification.questionoption", "pk": 27, "fields": {"question": 6, "option_choice": 2, "number_of_text": 1}}, {"model": "gamification.questionoption", "pk": 28, "fields": {"question": 6, "option_choice": 3, "number_of_text": 1}}, {"model": "gamification.questionoption", "pk": 29, "fields": {"question": 6, "option_choice": 4, "number_of_text": 1}}, {"model": "gamification.questionoption", "pk": 30, "fields": {"question": 6, "option_choice": 5, "number_of_text": 1}}, {"model": "gamification.questionoption", "pk": 31, "fields": {"question": 7, "option_choice": 1, "number_of_text": 1}}, {"model": "gamification.questionoption", "pk": 32, "fields": {"question": 7, "option_choice": 2, "number_of_text": 1}}, {"model": "gamification.questionoption", "pk": 33, "fields": {"question": 7, "option_choice": 3, "number_of_text": 1}}, {"model": "gamification.questionoption", "pk": 34, "fields": {"question": 7, "option_choice": 4, "number_of_text": 1}}, {"model": "gamification.questionoption", "pk": 35, "fields": {"question": 7, "option_choice": 5, "number_of_text": 1}}, {"model": "gamification.questionoption", "pk": 36, "fields": {"question": 10, "option_choice": 1, "number_of_text": 1}}, {"model": "gamification.questionoption", "pk": 37, "fields": {"question": 10, "option_choice": 2, "number_of_text": 1}}, {"model": "gamification.questionoption", "pk": 38, "fields": {"question": 10, "option_choice": 3, "number_of_text": 1}}, {"model": "gamification.questionoption", "pk": 39, "fields": {"question": 10, "option_choice": 4, "number_of_text": 1}}, {"model": "gamification.questionoption", "pk": 40, "fields": {"question": 10, "option_choice": 5, "number_of_text": 1}}, {"model": "gamification.questionoption", "pk": 41, "fields": {"question": 11, "option_choice": 1, "number_of_text": 1}}, {"model": "gamification.questionoption", "pk": 42, "fields": {"question": 11, "option_choice": 2, "number_of_text": 1}}, {"model": "gamification.questionoption", "pk": 43, "fields": {"question": 11, "option_choice": 3, "number_of_text": 1}}, {"model": "gamification.questionoption", "pk": 44, "fields": {"question": 11, "option_choice": 4, "number_of_text": 1}}, {"model": "gamification.questionoption", "pk": 45, "fields": {"question": 11, "option_choice": 5, "number_of_text": 1}}, {"model": "gamification.questionoption", "pk": 46, "fields": {"question": 12, "option_choice": 1, "number_of_text": 1}}, {"model": "gamification.questionoption", "pk": 47, "fields": {"question": 12, "option_choice": 2, "number_of_text": 1}}, {"model": "gamification.questionoption", "pk": 48, "fields": {"question": 12, "option_choice": 3, "number_of_text": 1}}, {"model": "gamification.questionoption", "pk": 49, "fields": {"question": 12, "option_choice": 4, "number_of_text": 1}}, {"model": "gamification.questionoption", "pk": 50, "fields": {"question": 12, "option_choice": 5, "number_of_text": 1}}, {"model": "gamification.questionoption", "pk": 51, "fields": {"question": 13, "option_choice": 1, "number_of_text": 1}}, {"model": "gamification.questionoption", "pk": 52, "fields": {"question": 13, "option_choice": 2, "number_of_text": 1}}, {"model": "gamification.questionoption", "pk": 53, "fields": {"question": 13, "option_choice": 3, "number_of_text": 1}}, {"model": "gamification.questionoption", "pk": 54, "fields": {"question": 13, "option_choice": 4, "number_of_text": 1}}, {"model": "gamification.questionoption", "pk": 55, "fields": {"question": 13, "option_choice": 5, "number_of_text": 1}}, {"model": "gamification.questionoption", "pk": 56, "fields": {"question": 14, "option_choice": 1, "number_of_text": 1}}, {"model": "gamification.questionoption", "pk": 57, "fields": {"question": 14, "option_choice": 2, "number_of_text": 1}}, {"model": "gamification.questionoption", "pk": 58, "fields": {"question": 14, "option_choice": 3, "number_of_text": 1}}, {"model": "gamification.questionoption", "pk": 59, "fields": {"question": 14, "option_choice": 4, "number_of_text": 1}}, {"model": "gamification.questionoption", "pk": 60, "fields": {"question": 14, "option_choice": 5, "number_of_text": 1}}, {"model": "gamification.questionoption", "pk": 61, "fields": {"question": 15, "option_choice": 1, "number_of_text": 1}}, {"model": "gamification.questionoption", "pk": 62, "fields": {"question": 15, "option_choice": 2, "number_of_text": 1}}, {"model": "gamification.questionoption", "pk": 63, "fields": {"question": 15, "option_choice": 3, "number_of_text": 1}}, {"model": "gamification.questionoption", "pk": 64, "fields": {"question": 15, "option_choice": 4, "number_of_text": 1}}, {"model": "gamification.questionoption", "pk": 65, "fields": {"question": 15, "option_choice": 5, "number_of_text": 1}}, {"model": "gamification.questionoption", "pk": 66, "fields": {"question": 16, "option_choice": 1, "number_of_text": 1}}, {"model": "gamification.questionoption", "pk": 67, "fields": {"question": 16, "option_choice": 2, "number_of_text": 1}}, {"model": "gamification.questionoption", "pk": 68, "fields": {"question": 16, "option_choice": 3, "number_of_text": 1}}, {"model": "gamification.questionoption", "pk": 69, "fields": {"question": 16, "option_choice": 4, "number_of_text": 1}}, {"model": "gamification.questionoption", "pk": 70, "fields": {"question": 16, "option_choice": 5, "number_of_text": 1}}, {"model": "gamification.questionoption", "pk": 71, "fields": {"question": 17, "option_choice": 1, "number_of_text": 1}}, {"model": "gamification.questionoption", "pk": 72, "fields": {"question": 17, "option_choice": 2, "number_of_text": 1}}, {"model": "gamification.questionoption", "pk": 73, "fields": {"question": 17, "option_choice": 3, "number_of_text": 1}}, {"model": "gamification.questionoption", "pk": 74, "fields": {"question": 17, "option_choice": 4, "number_of_text": 1}}, {"model": "gamification.questionoption", "pk": 75, "fields": {"question": 17, "option_choice": 5, "number_of_text": 1}}, {"model": "gamification.questionoption", "pk": 76, "fields": {"question": 18, "option_choice": 1, "number_of_text": 1}}, {"model": "gamification.questionoption", "pk": 77, "fields": {"question": 18, "option_choice": 2, "number_of_text": 1}}, {"model": "gamification.questionoption", "pk": 78, "fields": {"question": 18, "option_choice": 3, "number_of_text": 1}}, {"model": "gamification.questionoption", "pk": 79, "fields": {"question": 18, "option_choice": 4, "number_of_text": 1}}, {"model": "gamification.questionoption", "pk": 80, "fields": {"question": 18, "option_choice": 5, "number_of_text": 1}}, {"model": "gamification.questionoption", "pk": 81, "fields": {"question": 19, "option_choice": 1, "number_of_text": 1}}, {"model": "gamification.questionoption", "pk": 82, "fields": {"question": 19, "option_choice": 2, "number_of_text": 1}}, {"model": "gamification.questionoption", "pk": 83, "fields": {"question": 19, "option_choice": 3, "number_of_text": 1}}, {"model": "gamification.questionoption", "pk": 84, "fields": {"question": 19, "option_choice": 4, "number_of_text": 1}}, {"model": "gamification.questionoption", "pk": 85, "fields": {"question": 19, "option_choice": 5, "number_of_text": 1}}, {"model": "gamification.questionoption", "pk": 86, "fields": {"question": 20, "option_choice": 1, "number_of_text": 1}}, {"model": "gamification.questionoption", "pk": 87, "fields": {"question": 20, "option_choice": 2, "number_of_text": 1}}, {"model": "gamification.questionoption", "pk": 88, "fields": {"question": 20, "option_choice": 3, "number_of_text": 1}}, {"model": "gamification.questionoption", "pk": 89, "fields": {"question": 20, "option_choice": 4, "number_of_text": 1}}, {"model": "gamification.questionoption", "pk": 90, "fields": {"question": 20, "option_choice": 5, "number_of_text": 1}}, {"model": "gamification.questionoption", "pk": 91, "fields": {"question": 21, "option_choice": 1, "number_of_text": 1}}, {"model": "gamification.questionoption", "pk": 92, "fields": {"question": 21, "option_choice": 2, "number_of_text": 1}}, {"model": "gamification.questionoption", "pk": 93, "fields": {"question": 21, "option_choice": 3, "number_of_text": 1}}, {"model": "gamification.questionoption", "pk": 94, "fields": {"question": 21, "option_choice": 4, "number_of_text": 1}}, {"model": "gamification.questionoption", "pk": 95, "fields": {"question": 21, "option_choice": 5, "number_of_text": 1}}, {"model": "gamification.questionoption", "pk": 96, "fields": {"question": 22, "option_choice": 1, "number_of_text": 1}}, {"model": "gamification.questionoption", "pk": 97, "fields": {"question": 22, "option_choice": 2, "number_of_text": 1}}, {"model": "gamification.questionoption", "pk": 98, "fields": {"question": 22, "option_choice": 3, "number_of_text": 1}}, {"model": "gamification.questionoption", "pk": 99, "fields": {"question": 22, "option_choice": 4, "number_of_text": 1}}, {"model": "gamification.questionoption", "pk": 100, "fields": {"question": 22, "option_choice": 5, "number_of_text": 1}}, {"model": "gamification.questionoption", "pk": 101, "fields": {"question": 23, "option_choice": 1, "number_of_text": 1}}, {"model": "gamification.questionoption", "pk": 102, "fields": {"question": 23, "option_choice": 2, "number_of_text": 1}}, {"model": "gamification.questionoption", "pk": 103, "fields": {"question": 23, "option_choice": 3, "number_of_text": 1}}, {"model": "gamification.questionoption", "pk": 104, "fields": {"question": 23, "option_choice": 4, "number_of_text": 1}}, {"model": "gamification.questionoption", "pk": 105, "fields": {"question": 23, "option_choice": 5, "number_of_text": 1}}, {"model": "gamification.questionoption", "pk": 106, "fields": {"question": 24, "option_choice": 1, "number_of_text": 1}}, {"model": "gamification.questionoption", "pk": 107, "fields": {"question": 24, "option_choice": 2, "number_of_text": 1}}, {"model": "gamification.questionoption", "pk": 108, "fields": {"question": 24, "option_choice": 3, "number_of_text": 1}}, {"model": "gamification.questionoption", "pk": 109, "fields": {"question": 24, "option_choice": 4, "number_of_text": 1}}, {"model": "gamification.questionoption", "pk": 110, "fields": {"question": 24, "option_choice": 5, "number_of_text": 1}}, {"model": "gamification.questionoption", "pk": 111, "fields": {"question": 25, "option_choice": 1, "number_of_text": 1}}, {"model": "gamification.questionoption", "pk": 112, "fields": {"question": 25, "option_choice": 2, "number_of_text": 1}}, {"model": "gamification.questionoption", "pk": 113, "fields": {"question": 25, "option_choice": 3, "number_of_text": 1}}, {"model": "gamification.questionoption", "pk": 114, "fields": {"question": 25, "option_choice": 4, "number_of_text": 1}}, {"model": "gamification.questionoption", "pk": 115, "fields": {"question": 25, "option_choice": 5, "number_of_text": 1}}, {"model": "gamification.questionoption", "pk": 116, "fields": {"question": 26, "option_choice": 1, "number_of_text": 1}}, {"model": "gamification.questionoption", "pk": 117, "fields": {"question": 26, "option_choice": 2, "number_of_text": 1}}, {"model": "gamification.questionoption", "pk": 118, "fields": {"question": 26, "option_choice": 3, "number_of_text": 1}}, {"model": "gamification.questionoption", "pk": 119, "fields": {"question": 26, "option_choice": 4, "number_of_text": 1}}, {"model": "gamification.questionoption", "pk": 120, "fields": {"question": 26, "option_choice": 5, "number_of_text": 1}}, {"model": "gamification.questionoption", "pk": 121, "fields": {"question": 27, "option_choice": 1, "number_of_text": 1}}, {"model": "gamification.questionoption", "pk": 122, "fields": {"question": 27, "option_choice": 2, "number_of_text": 1}}, {"model": "gamification.questionoption", "pk": 123, "fields": {"question": 27, "option_choice": 3, "number_of_text": 1}}, {"model": "gamification.questionoption", "pk": 124, "fields": {"question": 27, "option_choice": 4, "number_of_text": 1}}, {"model": "gamification.questionoption", "pk": 125, "fields": {"question": 27, "option_choice": 5, "number_of_text": 1}}, {"model": "gamification.questionoption", "pk": 126, "fields": {"question": 28, "option_choice": 1, "number_of_text": 1}}, {"model": "gamification.questionoption", "pk": 127, "fields": {"question": 28, "option_choice": 2, "number_of_text": 1}}, {"model": "gamification.questionoption", "pk": 128, "fields": {"question": 28, "option_choice": 3, "number_of_text": 1}}, {"model": "gamification.questionoption", "pk": 129, "fields": {"question": 28, "option_choice": 4, "number_of_text": 1}}, {"model": "gamification.questionoption", "pk": 130, "fields": {"question": 28, "option_choice": 5, "number_of_text": 1}}, {"model": "gamification.questionoption", "pk": 131, "fields": {"question": 29, "option_choice": 1, "number_of_text": 1}}, {"model": "gamification.questionoption", "pk": 132, "fields": {"question": 29, "option_choice": 2, "number_of_text": 1}}, {"model": "gamification.questionoption", "pk": 133, "fields": {"question": 29, "option_choice": 3, "number_of_text": 1}}, {"model": "gamification.questionoption", "pk": 134, "fields": {"question": 29, "option_choice": 4, "number_of_text": 1}}, {"model": "gamification.questionoption", "pk": 135, "fields": {"question": 29, "option_choice": 5, "number_of_text": 1}}, {"model": "gamification.questionoption", "pk": 136, "fields": {"question": 31, "option_choice": 6, "number_of_text": 3}}, {"model": "gamification.questionoption", "pk": 137, "fields": {"question": 32, "option_choice": 6, "number_of_text": 3}}, {"model": "gamification.questionoption", "pk": 138, "fields": {"question": 33, "option_choice": 6, "number_of_text": 2}}, {"model": "gamification.questionoption", "pk": 139, "fields": {"question": 30, "option_choice": 6, "number_of_text": 1}}, {"model": "gamification.questionoption", "pk": 140, "fields": {"question": 34, "option_choice": 6, "number_of_text": 1}}, {"model": "gamification.questionoption", "pk": 141, "fields": {"question": 35, "option_choice": 6, "number_of_text": 1}}, {"model": "gamification.questionoption", "pk": 142, "fields": {"question": 36, "option_choice": 6, "number_of_text": 1}}, {"model": "gamification.questionoption", "pk": 143, "fields": {"question": 37, "option_choice": 6, "number_of_text": 1}}, {"model": "gamification.questionoption", "pk": 144, "fields": {"question": 38, "option_choice": 6, "number_of_text": 1}}, {"model": "gamification.questionoption", "pk": 145, "fields": {"question": 39, "option_choice": 6, "number_of_text": 1}}]